{
	"credit": "Made with Blockbench",
	"textures": {
		"1": "block/rail_3d"
	},
	"elements": [
		{
			"from": [12, 0, 0],
			"to": [14, 2, 16],
			"faces": {
				"north": {"uv": [1.25, 3.25, 1.75, 3.75], "texture": "#1"},
				"east": {"uv": [2, 1, 6, 1.5], "texture": "#1"},
				"south": {"uv": [1.75, 2.75, 2.25, 3.25], "texture": "#1"},
				"west": {"uv": [5.75, 1.25, 9.75, 1.75], "texture": "#1"},
				"up": {"uv": [1.75, 4.75, 2.25, 8.75], "texture": "#1"},
				"down": {"uv": [1.5, 3.25, 2, 7.25], "texture": "#1"}
			}
		},
		{
			"from": [2, 0, 0],
			"to": [4, 2, 16],
			"faces": {
				"north": {"uv": [1.75, 2.75, 2.25, 3.25], "texture": "#1"},
				"east": {"uv": [3.75, 1.25, 7.75, 1.75], "texture": "#1"},
				"south": {"uv": [1.25, 2.25, 1.75, 2.75], "texture": "#1"},
				"west": {"uv": [5.5, 1, 9.5, 1.5], "texture": "#1"},
				"up": {"uv": [1.25, 4.75, 1.75, 8.75], "texture": "#1"},
				"down": {"uv": [1.5, 9, 2, 13], "texture": "#1"}
			}
		},
		{
			"from": [0, 0, 13],
			"to": [16, 1, 15],
			"faces": {
				"north": {"uv": [12, 0, 16, 0.25], "texture": "#1"},
				"east": {"uv": [0, 9.75, 0.5, 10], "texture": "#1"},
				"south": {"uv": [11.75, 0.5, 16, 0.75], "texture": "#1"},
				"west": {"uv": [0.75, 10.25, 1.25, 10.5], "texture": "#1"},
				"up": {"uv": [12, 0, 16, 0.5], "texture": "#1"},
				"down": {"uv": [12, 0.5, 16, 1], "texture": "#1"}
			}
		},
		{
			"from": [0, 0, 5],
			"to": [16, 1, 7],
			"faces": {
				"north": {"uv": [4, 0, 8, 0.25], "texture": "#1"},
				"east": {"uv": [0, 4.25, 0.5, 4.5], "texture": "#1"},
				"south": {"uv": [4, 0.5, 8.25, 0.75], "texture": "#1"},
				"west": {"uv": [0.75, 3.75, 1.25, 4], "texture": "#1"},
				"up": {"uv": [4, 0, 8, 0.5], "texture": "#1"},
				"down": {"uv": [4, 0.5, 8, 1], "texture": "#1"}
			}
		},
		{
			"from": [0, 0, 1],
			"to": [16, 1, 3],
			"faces": {
				"north": {"uv": [0, 0, 4, 0.25], "texture": "#1"},
				"east": {"uv": [0, 2.75, 0.5, 3], "texture": "#1"},
				"south": {"uv": [0, 0.5, 4.25, 0.75], "texture": "#1"},
				"west": {"uv": [0.75, 2.25, 1.25, 2.5], "texture": "#1"},
				"up": {"uv": [0, 0, 4, 0.5], "texture": "#1"},
				"down": {"uv": [0, 0.5, 4, 1], "texture": "#1"}
			}
		},
		{
			"from": [0, 0, 9],
			"to": [16, 1, 11],
			"faces": {
				"north": {"uv": [8, 0, 12, 0.25], "texture": "#1"},
				"east": {"uv": [0, 5.25, 0.5, 5.5], "texture": "#1"},
				"south": {"uv": [8, 0.5, 12.25, 0.75], "texture": "#1"},
				"west": {"uv": [0.75, 6.25, 1.25, 6.5], "texture": "#1"},
				"up": {"uv": [8, 0, 12, 0.5], "texture": "#1"},
				"down": {"uv": [8, 0.5, 12, 1], "texture": "#1"}
			}
		}
	],
	"display": {
		"thirdperson_righthand": {
			"translation": [0, 0, -0.75]
		}
	}
}