{
	"credit": "Made with Blockbench",
	"ambientocclusion": false,
	"textures": {
        "particle": "block/jungle_door_bottom",
		"1": "block/jungle_door_top"
	},
	"elements": [
		{
			"from": [0.25, 0, 0.25],
			"to": [2.75, 16, 5.25],
			"faces": {
				"north": {"uv": [0, 0, 3, 16], "texture": "#1"},
				"east": {"uv": [5, 0, 0, 16], "texture": "#1"},
				"south": {"uv": [2, 0, 5, 16], "texture": "#1"},
				"west": {"uv": [0, 0, 5, 16], "texture": "#1"},
				"up": {"uv": [0, 0, 5, 3], "rotation": 90, "texture": "#1"},
				"down": {"uv": [5, 15, 6, 16], "rotation": 270, "texture": "#1"}
			}
		},
		{
			"from": [0.25, 0, 7.75],
			"to": [2.75, 16, 15.75],
			"rotation": {"angle": 0, "axis": "y", "origin": [8, 8, 21]},
			"faces": {
				"north": {"uv": [16, 0, 13, 16], "texture": "#1"},
				"east": {"uv": [16, 0, 7, 16], "texture": "#1"},
				"south": {"uv": [0, 0, 3, 16], "texture": "#1"},
				"west": {"uv": [7, 0, 16, 16], "texture": "#1"},
				"up": {"uv": [7, 0, 16, 3], "rotation": 90, "texture": "#1"},
				"down": {"uv": [5, 15, 6, 16], "rotation": 270, "texture": "#1"}
			}
		},
		{
			"from": [0, 6, 0],
			"to": [3, 10, 16],
			"rotation": {"angle": 0, "axis": "y", "origin": [8, 14, 11]},
			"faces": {
				"north": {"uv": [0, 6, 3, 10], "texture": "#1"},
				"east": {"uv": [0, 6, 16, 10], "texture": "#1"},
				"south": {"uv": [0, 6, 4, 10], "texture": "#1"},
				"west": {"uv": [0, 6, 16, 10], "texture": "#1"},
				"up": {"uv": [0, 6, 16, 9], "rotation": 90, "texture": "#1"},
				"down": {"uv": [0, 7, 16, 10], "rotation": 270, "texture": "#1"}
			}
		}
	]
}