{
	"credit": "Made with Blockbench",
	"ambientocclusion": false,
	"textures": {
        "particle": "block/oak_door_top",
		"1": "block/oak_door_top"
	},
	"elements": [
		{
			"from": [0, 0, 0],
			"to": [3, 16, 5],
			"faces": {
				"north": {"uv": [1, 0, 4, 16], "texture": "#1"},
				"east": {"uv": [11, 0, 16, 16], "texture": "#1"},
				"south": {"uv": [2, 0, 5, 16], "texture": "#1"},
				"west": {"uv": [0, 0, 5, 16], "texture": "#1"},
				"up": {"uv": [5, 1, 0, 4], "rotation": 270, "texture": "#1"},
				"down": {"uv": [5, 5, 6, 6], "rotation": 270, "texture": "#1"}
			}
		},
		{
			"from": [0, 0, 11],
			"to": [3, 16, 16],
			"rotation": {"angle": 0, "axis": "y", "origin": [8, 8, 22]},
			"faces": {
				"north": {"uv": [16, 0, 13, 16], "texture": "#1"},
				"east": {"uv": [0, 0, 5, 16], "texture": "#1"},
				"south": {"uv": [12, 0, 15, 16], "texture": "#1"},
				"west": {"uv": [11, 0, 16, 16], "texture": "#1"},
				"up": {"uv": [0, 1, 5, 4], "rotation": 270, "texture": "#1"},
				"down": {"uv": [5, 5, 6, 6], "rotation": 270, "texture": "#1"}
			}
		},
		{
			"from": [0, 11, 5],
			"to": [3, 16, 11],
			"rotation": {"angle": 0, "axis": "y", "origin": [8, 20, 14]},
			"faces": {
				"north": {"uv": [0, 6, 3, 10], "texture": "#1"},
				"east": {"uv": [5, 0, 11, 5], "texture": "#1"},
				"south": {"uv": [0, 6, 4, 10], "texture": "#1"},
				"west": {"uv": [5, 0, 11, 5], "texture": "#1"},
				"up": {"uv": [5, 1, 11, 4], "rotation": 270, "texture": "#1"},
				"down": {"uv": [5, 2, 11, 5], "rotation": 270, "texture": "#1"}
			}
		},
		{
			"from": [0, 0, 5],
			"to": [3, 5, 11],
			"rotation": {"angle": 0, "axis": "y", "origin": [8, 9, 14]},
			"faces": {
				"north": {"uv": [0, 6, 3, 10], "texture": "#1"},
				"east": {"uv": [5, 11, 11, 16], "texture": "#1"},
				"south": {"uv": [0, 6, 4, 10], "texture": "#1"},
				"west": {"uv": [5, 11, 11, 16], "texture": "#1"},
				"up": {"uv": [5, 2, 11, 5], "rotation": 270, "texture": "#1"},
				"down": {"uv": [5, 5, 6, 6], "rotation": 270, "texture": "#1"}
			}
		}
	]
}