{
	"credit": "Made with Blockbench",
	"parent": "block/block",
	"textures": {
		"bottom": "block/stonecutter_bottom",
		"particle": "block/stonecutter_bottom",
		"top": "block/stonecutter_top",
		"side": "block/stonecutter_side",
		"saw": "block/stonecutter_saw"
	},
	"elements": [
		{
			"from": [0, 0, 0],
			"to": [16, 9, 16],
			"faces": {
				"north": {"uv": [0, 7, 16, 16], "texture": "#side", "cullface": "north"},
				"east": {"uv": [0, 7, 16, 16], "texture": "#side", "cullface": "east"},
				"south": {"uv": [0, 7, 16, 16], "texture": "#side", "cullface": "south"},
				"west": {"uv": [0, 7, 16, 16], "texture": "#side", "cullface": "west"},
				"up": {"uv": [0, 0, 16, 16], "texture": "#top"},
				"down": {"uv": [0, 0, 16, 16], "texture": "#bottom", "cullface": "down"}
			}
		},
		{
			"from": [2, 9, 7.75],
			"to": [14, 11, 8.25],
			"faces": {
				"north": {"uv": [2, 14, 14, 16], "texture": "#saw", "tintindex": 0},
				"east": {"uv": [13, 14, 14, 16], "texture": "#saw"},
				"south": {"uv": [2, 14, 14, 16], "texture": "#saw", "tintindex": 0},
				"west": {"uv": [2, 14, 3, 16], "texture": "#saw"},
				"up": {"uv": [2, 14, 14, 15], "texture": "#saw"}
			}
		},
		{
			"from": [3, 11, 7.75],
			"to": [13, 13, 8.25],
			"faces": {
				"north": {"uv": [3, 12, 13, 14], "texture": "#saw", "tintindex": 0},
				"east": {"uv": [12, 12, 13, 14], "texture": "#saw"},
				"south": {"uv": [3, 12, 13, 14], "texture": "#saw", "tintindex": 0},
				"west": {"uv": [3, 12, 4, 14], "texture": "#saw"},
				"up": {"uv": [3, 12, 13, 13], "texture": "#saw"}
			}
		},
		{
			"from": [4, 13, 7.75],
			"to": [12, 14, 8.25],
			"faces": {
				"north": {"uv": [4, 11, 12, 12], "texture": "#saw", "tintindex": 0},
				"east": {"uv": [11, 11, 12, 12], "texture": "#saw"},
				"south": {"uv": [4, 11, 12, 12], "texture": "#saw", "tintindex": 0},
				"west": {"uv": [4, 11, 5, 12], "texture": "#saw"},
				"up": {"uv": [4, 11, 12, 12], "texture": "#saw"}
			}
		},
		{
			"from": [6, 14, 7.75],
			"to": [10, 15, 8.25],
			"faces": {
				"north": {"uv": [6, 10, 10, 11], "texture": "#saw", "tintindex": 0},
				"east": {"uv": [9, 10, 10, 11], "texture": "#saw"},
				"south": {"uv": [6, 10, 10, 11], "texture": "#saw", "tintindex": 0},
				"west": {"uv": [6, 10, 7, 11], "texture": "#saw"},
				"up": {"uv": [6, 10, 10, 11], "texture": "#saw"}
			}
		}
	]
}