{
	"credit": "Made with Blockbench",
	"ambientocclusion": false,
	"textures": {
		"particle": "block/birch_door_top",
		"top": "block/birch_door_top"
	},
	"elements": [
		{
			"name": "Element",
			"from": [0, 0, 0],
			"to": [3, 16, 16],
			"faces": {
				"north": {"uv": [0, 0, 1, 16], "texture": "#top"},
				"east": {"uv": [0, 0, 16, 16], "texture": "#top"},
				"south": {"uv": [0, 0, 0.5, 16], "texture": "#top"},
				"west": {"uv": [16, 0, 0, 16], "texture": "#top"},
				"up": {"uv": [0, 0, 0.5, 16], "texture": "#top"}
			}
		}
	]
}