{
	"credit": "Made with Blockbench",
	"ambientocclusion": false,
	"textures": {
		"particle": "block/dark_oak_door_bottom",
		"bottom": "block/dark_oak_door_bottom"
	},
	"elements": [
		{
			"from": [0, 0, 0],
			"to": [3, 16, 16],
			"faces": {
				"north": {"uv": [0, 0, 1, 16], "texture": "#bottom"},
				"east": {"uv": [0, 0, 16, 16], "texture": "#bottom"},
				"south": {"uv": [0, 0, 1, 16], "texture": "#bottom"},
				"west": {"uv": [16, 0, 0, 16], "texture": "#bottom"},
				"down": {"uv": [0, 0, 1, 16], "texture": "#bottom"}
			}
		}
	]
}