{
	"__comment": "Designed by chengzzi89",
	"textures": {
		"particle": "#pressure_plate",
		"pressure_plate": "#pressure_plate"
	},
	"elements": [ 
		{
			"from": [ 1, 0, 1 ],
			"to": [ 15, 0.5, 15 ],
			"faces": {
				"down":  { "uv": [ 1, 1, 15, 15 ], "texture": "#pressure_plate", "cullface": "down" },
				"up":    { "uv": [ 1, 1, 15, 15 ], "texture": "#pressure_plate" },
				"north": { "uv": [ 1, 15, 15, 15.5 ], "texture": "#pressure_plate" },
				"south": { "uv": [ 1, 15, 15, 15.5 ], "texture": "#pressure_plate" },
				"west":  { "uv": [ 1, 15, 15, 15.5 ], "texture": "#pressure_plate" },
				"east":  { "uv": [ 1, 15, 15, 15.5 ], "texture": "#pressure_plate" }
			}
		}
	]
}