{
	"__comment": "Designed by Chengzzi89 with Cubik Studio - https://cubik.studio",
	"ambientocclusion": false,
	"textures": {
		"rail": "block/rail",
		"particle": "block/rail",
		"texture": "block/rail"
	},
	"elements": [ 	 
		{
			"__comment": "Element",
			"from": [ 2, 0, 15 ],
			"to": [ 4, 2, 16 ],
			"faces": {
				"down": { "uv": [ 3, 0, 4, 1 ], "texture": "#rail" },
				"up": { "uv": [ 2, 0, 4, 1 ], "texture": "#rail" },
				"north": { "uv": [ 2, 0, 3, 2 ], "texture": "#rail" },
				"south": { "uv": [ 2, 0, 3, 2 ], "texture": "#rail" },
				"west": { "uv": [ 2, 0, 3, 2 ], "texture": "#rail" },
				"east": { "uv": [ 3, 0, 4, 2 ], "texture": "#rail" }
			}
		},
		{
			"__comment": "Element",
			"from": [ 0, 8, 12 ],
			"to": [ 16, 9, 14 ],
			"rotation": { "origin": [ 8, 9, 8 ], "axis": "x", "angle": 45, "rescale": true },
			"faces": {
				"down": { "uv": [ 0, 12, 16, 14 ], "texture": "#rail" },
				"up": { "uv": [ 0, 12, 16, 14 ], "texture": "#rail" },
				"north": { "uv": [ 0, 12, 16, 14 ], "texture": "#rail" },
				"south": { "uv": [ 0, 13, 16, 14 ], "texture": "#rail" },
				"west": { "uv": [ 7, 12, 9, 13 ], "texture": "#rail" },
				"east": { "uv": [ 7, 13, 9, 14 ], "texture": "#rail" }
			}
		},
		{
			"__comment": "Element",
			"from": [ 0, 8, 7 ],
			"to": [ 16, 9, 9 ],
			"rotation": { "origin": [ 8, 9, 8 ], "axis": "x", "angle": 45, "rescale": true },
			"faces": {
				"down": { "uv": [ 0, 7, 16, 9 ], "texture": "#rail" },
				"up": { "uv": [ 0, 2, 16, 4 ], "texture": "#rail" },
				"north": { "uv": [ 0, 2, 16, 2.875 ], "texture": "#rail" },
				"south": { "uv": [ 0, 2.875, 16, 3.875 ], "texture": "#rail" },
				"west": { "uv": [ 7, 2, 9, 3 ], "texture": "#rail" },
				"east": { "uv": [ 7, 3, 9, 4 ], "texture": "#rail" }
			}
		},
		{
			"__comment": "Element",
			"from": [ 0, 8, 2 ],
			"to": [ 16, 9, 4 ],
			"rotation": { "origin": [ 8, 9, 8 ], "axis": "x", "angle": 45, "rescale": true },
			"faces": {
				"down": { "uv": [ 0, 2, 16, 4 ], "texture": "#rail" },
				"up": { "uv": [ 0, 2, 16, 4 ], "texture": "#rail" },
				"north": { "uv": [ 0, 2, 16, 3 ], "texture": "#rail" },
				"south": { "uv": [ 0, 3, 16, 4 ], "texture": "#rail" },
				"west": { "uv": [ 7, 2, 9, 3 ], "texture": "#rail" },
				"east": { "uv": [ 7, 3, 9, 4 ], "texture": "#rail" }
			}
		},
		{
			"__comment": "Element",
			"from": [ 12, 8, -1.5 ],
			"to": [ 14, 9.5, 15 ],
			"rotation": { "origin": [ 8, 8, 7 ], "axis": "x", "angle": 45, "rescale": true },
			"faces": {
				"down": { "uv": [ 12, 0, 14, 16 ], "texture": "#rail" },
				"up": { "uv": [ 12, 0, 14, 16 ], "texture": "#rail" },
				"north": { "uv": [ 13, 14, 14, 16 ], "texture": "#rail" },
				"south": { "uv": [ 13, 14, 14, 16 ], "texture": "#rail" },
				"west": { "uv": [ 12, 14, 13, 16 ], "texture": "#rail" },
				"east": { "uv": [ 13, 14, 14, 16 ], "texture": "#rail" }
			}
		},
		{
			"__comment": "Element",
			"from": [ 2, 8, -1.5 ],
			"to": [ 4, 9.5, 15 ],
			"rotation": { "origin": [ 8, 8, 7 ], "axis": "x", "angle": 45, "rescale": true },
			"faces": {
				"down": { "uv": [ 2, 0, 4, 16 ], "texture": "#rail" },
				"up": { "uv": [ 2, 0, 4, 16 ], "texture": "#rail" },
				"north": { "uv": [ 2, 14, 3, 16 ], "texture": "#rail" },
				"south": { "uv": [ 2, 14, 3, 16 ], "texture": "#rail" },
				"west": { "uv": [ 2, 14, 3, 16 ], "texture": "#rail" },
				"east": { "uv": [ 3, 14, 4, 16 ], "texture": "#rail" }
			}
		},
		{
			"__comment": "Element",
			"from": [ 12, 0, 15 ],
			"to": [ 14, 2, 16 ],
			"faces": {
				"down": { "uv": [ 12, 0, 13, 1 ], "texture": "#rail" },
				"up": { "uv": [ 12, 0, 14, 1 ], "texture": "#rail" },
				"north": { "uv": [ 13, 0, 14, 2 ], "texture": "#rail" },
				"south": { "uv": [ 13, 0, 14, 2 ], "texture": "#rail" },
				"west": { "uv": [ 12, 0, 13, 2 ], "texture": "#rail" },
				"east": { "uv": [ 13, 0, 14, 2 ], "texture": "#rail" }
			}
		}
	]
}