{
	"credit": "Made with Blockbench",
	"parent": "block/block",
	"ambientocclusion": false,
	"textures": {
		"crossbar": "block/3d/fence_spruce_side"
	},
	"elements": [
		{
			"name": "top bar",
			"from": [7, 12, 0],
			"to": [9, 15, 6],
			"faces": {
				"north": {"uv": [0, 6, 0.5, 9], "rotation": 270, "texture": "#crossbar", "cullface": "north"},
				"east": {"uv": [10, 6, 16, 9], "texture": "#crossbar"},
				"west": {"uv": [0, 6, 6, 9], "texture": "#crossbar"},
				"up": {"uv": [0, 6, 6, 8], "rotation": 90, "texture": "#crossbar"},
				"down": {"uv": [0, 6, 6, 8], "rotation": 270, "texture": "#crossbar"}
			}
		},
		{
			"name": "lower bar",
			"from": [7, 6, 0],
			"to": [9, 9, 6],
			"faces": {
				"north": {"uv": [0, 6, 0.5, 9], "rotation": 270, "texture": "#crossbar", "cullface": "north"},
				"east": {"uv": [10, 9, 16, 12], "texture": "#crossbar"},
				"west": {"uv": [0, 9, 6, 12], "texture": "#crossbar"},
				"up": {"uv": [0, 5, 6, 7], "rotation": 90, "texture": "#crossbar"},
				"down": {"uv": [0, 6, 6, 8], "rotation": 270, "texture": "#crossbar"}
			}
		}
	]
}