{
	"credit": "Made with Blockbench",
	"parent": "block/block",
	"ambientocclusion": false,
	"textures": {
		"side": "block/3d/fence_spruce_side",
		"top": "block/3d/fence_spruce_top",
		"particle": "block/3d/fence_spruce_top"
	},
	"elements": [
		{
			"name": "Centre Post Bottom",
			"from": [6, 0, 6],
			"to": [10, 16, 10],
			"faces": {
				"north": {"uv": [6, 0, 10, 16], "texture": "#side"},
				"east": {"uv": [6, 0, 10, 16], "texture": "#side"},
				"south": {"uv": [6, 0, 10, 16], "texture": "#side"},
				"west": {"uv": [6, 0, 10, 16], "texture": "#side"},
				"up": {"uv": [6, 6, 10, 10], "texture": "#top", "cullface": "up"},
				"down": {"uv": [12, 12, 16, 16], "rotation": 270, "texture": "#top", "cullface": "down"}
			}
		}
	]
}