{
	"credit": "Made with Blockbench",
	"parent": "block/block",
	"ambientocclusion": false,
	"textures": {
		"post": "block/3d/fence_warped",
		"crossbar": "block/3d/fence_warped_top"
	},
	"elements": [
		{
			"name": "Left post",
			"from": [6, -0.5, 0],
			"to": [10, 16, 4],
			"faces": {
				"north": {"uv": [12, 0, 16, 16], "texture": "#post"},
				"east": {"uv": [12, 0, 16, 16], "texture": "#post"},
				"south": {"uv": [12, 0, 16, 16], "texture": "#post"},
				"west": {"uv": [12, 0, 16, 16], "texture": "#post"},
				"up": {"uv": [12, 12, 16, 16], "texture": "#crossbar"},
				"down": {"uv": [12, 12, 16, 16], "rotation": 270, "texture": "#crossbar"}
			}
		},
		{
			"name": "Right post",
			"from": [6, 0, 12],
			"to": [10, 16, 16],
			"faces": {
				"north": {"uv": [12, 0, 16, 16], "texture": "#post"},
				"east": {"uv": [12, 0, 16, 16], "texture": "#post"},
				"south": {"uv": [12, 0, 16, 16], "texture": "#post"},
				"west": {"uv": [12, 0, 16, 16], "texture": "#post"},
				"up": {"uv": [12, 12, 16, 16], "texture": "#crossbar"},
				"down": {"uv": [12, 12, 16, 16], "rotation": 270, "texture": "#crossbar"}
			}
		},
		{
			"name": "Top bar",
			"from": [7, 13, -2],
			"to": [9, 15, 18],
			"faces": {
				"north": {"uv": [12, 12, 16, 16], "texture": "#crossbar"},
				"east": {"uv": [6, 6, 8, 7], "rotation": 90, "texture": "#crossbar"},
				"south": {"uv": [12, 12, 16, 16], "texture": "#crossbar"},
				"west": {"uv": [6, 6, 8, 7], "rotation": 90, "texture": "#crossbar"},
				"up": {"uv": [6, 6, 8, 7], "texture": "#crossbar"},
				"down": {"uv": [6, 6, 8, 7], "texture": "#crossbar"}
			}
		},
		{
			"name": "Lower bar",
			"from": [7, 5, -2],
			"to": [9, 7, 18],
			"faces": {
				"north": {"uv": [12, 12, 16, 16], "texture": "#crossbar"},
				"east": {"uv": [6, 6, 8, 7], "rotation": 90, "texture": "#crossbar"},
				"south": {"uv": [12, 12, 16, 16], "texture": "#crossbar"},
				"west": {"uv": [6, 6, 8, 7], "rotation": 90, "texture": "#crossbar"},
				"up": {"uv": [6, 6, 8, 7], "texture": "#crossbar"},
				"down": {"uv": [6, 6, 8, 7], "texture": "#crossbar"}
			}
		}
	],
	"display": {
		"gui": {
			"rotation": [30, 135, 0],
			"scale": [0.625, 0.625, 0.625]
		},
		"fixed": {
			"rotation": [0, 90, 0],
			"scale": [0.5, 0.5, 0.5]
		}
	}
}