{
	"credit": "Made with Blockbench",
	"ambientocclusion": false,
	"textures": {
		"bottom": "block/warped_door_bottom",
		"particle": "block/warped_door_bottom"
	},
	"elements": [
		{
			"name": "Box1",
			"from": [0, 0, 0],
			"to": [3, 16, 16],
			"faces": {
				"north": {"uv": [15.75, 0, 16, 16], "texture": "#bottom"},
				"east": {"uv": [0, 0, 16, 16], "texture": "#bottom"},
				"south": {"uv": [0, 0, 0.25, 16], "texture": "#bottom"},
				"west": {"uv": [16, 0, 0, 16], "texture": "#bottom"},
				"down": {"uv": [0, 15.75, 16, 16], "rotation": 90, "texture": "#bottom"}
			}
		}
	]
}