{
	"credit": "Made with Blockbench",
	"ambientocclusion": false,
	"texture_size": [64, 64],
	"textures": {
		"0": "item/bucket_3d",
		"1": "entity/axolotl/axolotl_lucy",
		"particle": "item/bucket_3d"
	},
	"elements": [
		{
			"from": [3, 0, 3],
			"to": [13, 1, 13],
			"faces": {
				"north": {"uv": [0, 0, 10, 1], "texture": "#missing"},
				"east": {"uv": [0, 0, 10, 1], "texture": "#missing"},
				"south": {"uv": [0, 0, 10, 1], "texture": "#missing"},
				"west": {"uv": [0, 0, 10, 1], "texture": "#missing"},
				"up": {"uv": [0.5, 9.75, 3, 12.25], "texture": "#0"},
				"down": {"uv": [0.5, 9.75, 3, 12.25], "texture": "#0"}
			}
		},
		{
			"from": [3, 0, 2],
			"to": [13, 13, 3],
			"faces": {
				"north": {"uv": [0.5, 12.5, 3, 15.75], "texture": "#0"},
				"east": {"uv": [2.5, 12.75, 2.75, 15.75], "texture": "#0"},
				"south": {"uv": [0.5, 12.5, 3, 15.75], "texture": "#0"},
				"west": {"uv": [0.25, 12.75, 0.5, 15.75], "texture": "#0"},
				"up": {"uv": [0.25, 12.75, 2.75, 13], "texture": "#0"},
				"down": {"uv": [0.5, 15.5, 3, 15.75], "texture": "#0"}
			}
		},
		{
			"from": [2, 0, 2],
			"to": [3, 13, 14],
			"faces": {
				"north": {"uv": [0.25, 12.5, 0.5, 15.75], "texture": "#0"},
				"east": {"uv": [0.25, 12.5, 3.25, 15.75], "texture": "#0"},
				"south": {"uv": [0.25, 12.5, 0.5, 15.75], "texture": "#0"},
				"west": {"uv": [0.25, 12.5, 3.25, 15.75], "texture": "#0"},
				"up": {"uv": [0.25, 12.75, 2.75, 13], "rotation": 270, "texture": "#0"},
				"down": {"uv": [0.25, 15.5, 3.25, 15.75], "rotation": 90, "texture": "#0"}
			}
		},
		{
			"from": [3, 0, 13],
			"to": [13, 13, 14],
			"faces": {
				"north": {"uv": [0.5, 12.5, 3, 15.75], "texture": "#0"},
				"east": {"uv": [0.25, 12.75, 0.5, 15.75], "texture": "#0"},
				"south": {"uv": [0.5, 12.5, 3, 15.75], "texture": "#0"},
				"west": {"uv": [2.5, 12.75, 2.75, 15.75], "texture": "#0"},
				"up": {"uv": [0.25, 12.75, 2.75, 13], "rotation": 180, "texture": "#0"},
				"down": {"uv": [0.5, 15.5, 3, 15.75], "rotation": 180, "texture": "#0"}
			}
		},
		{
			"from": [13, 0, 2],
			"to": [14, 13, 14],
			"faces": {
				"north": {"uv": [3, 12.5, 3.25, 15.75], "texture": "#0"},
				"east": {"uv": [0.25, 12.5, 3.25, 15.75], "texture": "#0"},
				"south": {"uv": [3, 12.5, 3.25, 15.75], "texture": "#0"},
				"west": {"uv": [0.25, 12.5, 3.25, 15.75], "texture": "#0"},
				"up": {"uv": [0.25, 12.75, 2.75, 13], "rotation": 90, "texture": "#0"},
				"down": {"uv": [0.25, 15.5, 3.25, 15.75], "rotation": 270, "texture": "#0"}
			}
		},
		{
			"from": [1, 13, 1],
			"to": [3, 15, 15],
			"faces": {
				"north": {"uv": [15.25, 15.25, 15.75, 15.75], "texture": "#0"},
				"east": {"uv": [12.25, 14.25, 15.75, 14.75], "texture": "#0"},
				"south": {"uv": [12.25, 15.25, 12.75, 15.75], "texture": "#0"},
				"west": {"uv": [12.25, 15.25, 15.75, 15.75], "texture": "#0"},
				"up": {"uv": [11.25, 12.25, 11.75, 15.75], "texture": "#0"},
				"down": {"uv": [11.75, 12.25, 12.25, 15.75], "texture": "#0"}
			}
		},
		{
			"from": [13, 13, 1],
			"to": [15, 15, 15],
			"faces": {
				"north": {"uv": [12.25, 15.25, 12.75, 15.75], "texture": "#0"},
				"east": {"uv": [12.25, 15.25, 15.75, 15.75], "texture": "#0"},
				"south": {"uv": [15.25, 15.25, 15.75, 15.75], "texture": "#0"},
				"west": {"uv": [12.25, 14.25, 15.75, 14.75], "texture": "#0"},
				"up": {"uv": [11.25, 12.25, 11.75, 15.75], "rotation": 180, "texture": "#0"},
				"down": {"uv": [11.75, 12.25, 12.25, 15.75], "rotation": 180, "texture": "#0"}
			}
		},
		{
			"from": [3, 13, 1],
			"to": [13, 15, 3],
			"faces": {
				"north": {"uv": [12.75, 15.25, 15.25, 15.75], "texture": "#0"},
				"east": {"uv": [0, 0, 2, 2], "texture": "#0"},
				"south": {"uv": [12.75, 14.25, 15.25, 14.75], "texture": "#0"},
				"west": {"uv": [0, 0, 2, 2], "texture": "#0"},
				"up": {"uv": [12.75, 15.25, 15.25, 15.75], "texture": "#0"},
				"down": {"uv": [12.75, 15.25, 15.25, 15.75], "texture": "#0"}
			}
		},
		{
			"from": [3, 13, 13],
			"to": [13, 15, 15],
			"faces": {
				"north": {"uv": [12.75, 14.25, 15.25, 14.75], "texture": "#0"},
				"east": {"uv": [0, 0, 2, 2], "texture": "#0"},
				"south": {"uv": [12.75, 15.25, 15.25, 15.75], "texture": "#0"},
				"west": {"uv": [0, 0, 2, 2], "texture": "#0"},
				"up": {"uv": [12.75, 15.25, 15.25, 15.75], "rotation": 180, "texture": "#0"},
				"down": {"uv": [12.75, 15.25, 15.25, 15.75], "rotation": 180, "texture": "#0"}
			}
		},
		{
			"from": [7, 13, 0],
			"to": [20, 15, 1],
			"rotation": {"angle": -45, "axis": "z", "origin": [8, 14, 0.5]},
			"faces": {
				"north": {"uv": [5.5, 12.5, 6, 15.75], "rotation": 270, "texture": "#0"},
				"east": {"uv": [5.5, 15.5, 6, 15.75], "rotation": 90, "texture": "#0"},
				"south": {"uv": [5.5, 12.5, 6, 15.75], "rotation": 90, "texture": "#0"},
				"west": {"uv": [5.5, 12.5, 6, 12.75], "rotation": 90, "texture": "#0"},
				"up": {"uv": [5.75, 12.5, 6, 15.75], "rotation": 90, "texture": "#0"},
				"down": {"uv": [5.5, 12.5, 5.75, 15.75], "rotation": 90, "texture": "#0"}
			}
		},
		{
			"from": [7, 13, 15],
			"to": [20, 15, 16],
			"rotation": {"angle": -45, "axis": "z", "origin": [8, 14, 0.5]},
			"faces": {
				"north": {"uv": [5.5, 12.5, 6, 15.75], "rotation": 270, "texture": "#0"},
				"east": {"uv": [5.5, 15.5, 6, 15.75], "rotation": 90, "texture": "#0"},
				"south": {"uv": [5.5, 12.5, 6, 15.75], "rotation": 90, "texture": "#0"},
				"west": {"uv": [5.5, 12.5, 6, 12.75], "rotation": 90, "texture": "#0"},
				"up": {"uv": [5.75, 12.5, 6, 15.75], "rotation": 90, "texture": "#0"},
				"down": {"uv": [5.5, 12.5, 5.75, 15.75], "rotation": 90, "texture": "#0"}
			}
		},
		{
			"from": [18, 13, 1],
			"to": [20, 15, 15],
			"rotation": {"angle": -45, "axis": "z", "origin": [8, 14, 0.5]},
			"faces": {
				"north": {"uv": [5.5, 12.5, 6, 15.75], "rotation": 270, "texture": "#0"},
				"east": {"uv": [6, 11.25, 6.5, 14.75], "rotation": 90, "texture": "#0"},
				"south": {"uv": [6, 15.25, 9.5, 15.75], "rotation": 90, "texture": "#0"},
				"west": {"uv": [6, 11.25, 6.5, 14.75], "rotation": 90, "texture": "#0"},
				"up": {"uv": [6, 15.25, 9.5, 15.75], "rotation": 90, "texture": "#0"},
				"down": {"uv": [6, 15.25, 9.5, 15.75], "rotation": 90, "texture": "#0"}
			}
		},
		{
			"from": [3, 13, 3],
			"to": [13, 14, 13],
			"faces": {
				"north": {"uv": [0, 0, 10, 1], "texture": "#missing"},
				"east": {"uv": [0, 0, 10, 1], "texture": "#missing"},
				"south": {"uv": [0, 0, 10, 1], "texture": "#missing"},
				"west": {"uv": [0, 0, 10, 1], "texture": "#missing"},
				"up": {"uv": [0.25, 0.25, 2.75, 2.75], "texture": "#0"},
				"down": {"uv": [0, 0, 10, 10], "texture": "#missing"}
			}
		},
		{
			"from": [13, 15, 3],
			"to": [15, 16, 5],
			"faces": {
				"north": {"uv": [0.25, 0.25, 0.5, 0.5], "texture": "#0"},
				"east": {"uv": [0.25, 0.25, 0.5, 0.5], "texture": "#0"},
				"south": {"uv": [0.25, 0.25, 0.5, 0.5], "texture": "#0"},
				"west": {"uv": [0.25, 0.25, 0.5, 0.5], "texture": "#0"},
				"up": {"uv": [0.75, 0.25, 1, 0.5], "texture": "#0"},
				"down": {"uv": [0.25, 0.25, 0.5, 0.5], "texture": "#0"}
			}
		},
		{
			"from": [12, 13, 3],
			"to": [13, 15, 5],
			"faces": {
				"north": {"uv": [0.25, 0.25, 0.5, 0.5], "texture": "#0"},
				"east": {"uv": [0.25, 0.25, 0.5, 0.5], "texture": "#0"},
				"south": {"uv": [0.25, 0.25, 0.5, 0.5], "texture": "#0"},
				"west": {"uv": [0.25, 0.25, 0.5, 0.5], "texture": "#0"},
				"up": {"uv": [0.75, 0.25, 1, 0.5], "texture": "#0"},
				"down": {"uv": [0.25, 0.25, 0.5, 0.5], "texture": "#0"}
			}
		},
		{
			"from": [15.01, 13, 4],
			"to": [16.01, 15, 6],
			"faces": {
				"north": {"uv": [0.25, 0.25, 0.5, 0.5], "texture": "#0"},
				"east": {"uv": [0.25, 0.25, 0.5, 0.5], "texture": "#0"},
				"south": {"uv": [0.25, 0.25, 0.5, 0.5], "texture": "#0"},
				"west": {"uv": [0.25, 0.25, 0.5, 0.5], "texture": "#0"},
				"up": {"uv": [0.75, 0.25, 1, 0.5], "texture": "#0"},
				"down": {"uv": [0.25, 0.25, 0.5, 0.5], "texture": "#0"}
			}
		},
		{
			"from": [14, 15, 5],
			"to": [15, 16, 7],
			"faces": {
				"north": {"uv": [0.25, 0.25, 0.5, 0.5], "texture": "#0"},
				"east": {"uv": [0.25, 0.25, 0.5, 0.5], "texture": "#0"},
				"south": {"uv": [0.25, 0.25, 0.5, 0.5], "texture": "#0"},
				"west": {"uv": [0.25, 0.25, 0.5, 0.5], "texture": "#0"},
				"up": {"uv": [0.75, 0.25, 1, 0.5], "texture": "#0"},
				"down": {"uv": [0.25, 0.25, 0.5, 0.5], "texture": "#0"}
			}
		},
		{
			"from": [15, 10, 5],
			"to": [16, 13, 6],
			"faces": {
				"north": {"uv": [0.25, 0.25, 0.5, 0.5], "texture": "#0"},
				"east": {"uv": [0.25, 0.25, 0.5, 0.5], "texture": "#0"},
				"south": {"uv": [0.25, 0.25, 0.5, 0.5], "texture": "#0"},
				"west": {"uv": [0.25, 0.25, 0.5, 0.5], "texture": "#0"},
				"up": {"uv": [0.75, 0.25, 1, 0.5], "texture": "#0"},
				"down": {"uv": [0.25, 0.25, 0.5, 0.5], "texture": "#0"}
			}
		},
		{
			"from": [10, 18, 3.999],
			"to": [15, 23, 12.001],
			"rotation": {"angle": 0, "axis": "y", "origin": [2, 0, 0]},
			"faces": {
				"north": {"uv": [3.25, 1.5, 4.5, 2.75], "texture": "#1"},
				"east": {"uv": [1.25, 1.5, 3.25, 2.75], "texture": "#1"},
				"south": {"uv": [0, 1.5, 1.25, 2.75], "texture": "#1"},
				"west": {"uv": [4.5, 1.5, 6.5, 2.75], "texture": "#1"},
				"up": {"uv": [15, 8.25, 16, 10.25], "texture": "#1"},
				"down": {"uv": [15, 10.25, 16, 12.25], "texture": "#1"}
			}
		},
		{
			"from": [12, 16, 8.999],
			"to": [17, 16, 12.001],
			"rotation": {"angle": -22.5, "axis": "z", "origin": [13.5, 15, 10.5]},
			"faces": {
				"north": {"uv": [0, 1.5, 1.25, 2.75], "texture": "#1"},
				"east": {"uv": [4.5, 1.5, 6.5, 2.75], "texture": "#1"},
				"south": {"uv": [3.25, 1.5, 4.5, 2.75], "texture": "#1"},
				"west": {"uv": [1.25, 1.5, 3.25, 2.75], "texture": "#1"},
				"up": {"uv": [12, 8.25, 13.25, 9], "rotation": 180, "texture": "#1"},
				"down": {"uv": [15, 10.25, 16, 12.25], "rotation": 180, "texture": "#1"}
			}
		},
		{
			"from": [12, 16.01, 3.999],
			"to": [17, 16.01, 7.001],
			"rotation": {"angle": 0, "axis": "y", "origin": [13.5, 15, 10.5]},
			"faces": {
				"north": {"uv": [0, 1.5, 1.25, 2.75], "texture": "#1"},
				"east": {"uv": [4.5, 1.5, 6.5, 2.75], "texture": "#1"},
				"south": {"uv": [3.25, 1.5, 4.5, 2.75], "texture": "#1"},
				"west": {"uv": [1.25, 1.5, 3.25, 2.75], "texture": "#1"},
				"up": {"uv": [12, 8.25, 13.25, 9], "rotation": 180, "texture": "#1"},
				"down": {"uv": [15, 10.25, 16, 12.25], "rotation": 180, "texture": "#1"}
			}
		},
		{
			"from": [8, 11, 4],
			"to": [12, 21, 12],
			"rotation": {"angle": -22.5, "axis": "z", "origin": [9, 17, 8]},
			"faces": {
				"north": {"uv": [4.5, 5.25, 7, 6.25], "rotation": 90, "texture": "#1"},
				"east": {"uv": [11.25, 11.5, 13.75, 13.5], "rotation": 270, "texture": "#1"},
				"south": {"uv": [0, 5.25, 2.5, 6.25], "rotation": 270, "texture": "#1"},
				"west": {"uv": [11.25, 9.5, 13.75, 11.5], "rotation": 270, "texture": "#1"},
				"up": {"uv": [2.5, 5.25, 4.5, 6.25], "rotation": 270, "texture": "#1"},
				"down": {"uv": [7, 5.25, 9, 6.25], "rotation": 270, "texture": "#1"}
			}
		},
		{
			"from": [7, 11, 8],
			"to": [13, 20, 8],
			"rotation": {"angle": -22.5, "axis": "z", "origin": [9, 17, 8]},
			"faces": {
				"north": {"uv": [0.5, 6.5, 2.75, 7.75], "rotation": 90, "texture": "#1"},
				"east": {"uv": [11.25, 11.5, 13.75, 13.5], "rotation": 270, "texture": "#1"},
				"south": {"uv": [0.5, 6.5, 2.75, 7.75], "rotation": 270, "texture": "#1"},
				"west": {"uv": [11.25, 9.5, 13.75, 11.5], "rotation": 270, "texture": "#1"},
				"up": {"uv": [2.5, 5.25, 4.5, 6.25], "rotation": 270, "texture": "#1"},
				"down": {"uv": [7, 5.25, 9, 6.25], "rotation": 270, "texture": "#1"}
			}
		},
		{
			"from": [11, 23, 4],
			"to": [11, 26, 12],
			"rotation": {"angle": -22.5, "axis": "z", "origin": [11, 23, 8]},
			"faces": {
				"north": {"uv": [3.25, 1.5, 4.5, 2.75], "texture": "#1"},
				"east": {"uv": [0.75, 9.25, 2.75, 10], "texture": "#1"},
				"south": {"uv": [0, 1.5, 1.25, 2.75], "texture": "#1"},
				"west": {"uv": [0.75, 9.25, 2.75, 10], "texture": "#1"},
				"up": {"uv": [15, 8.25, 16, 10.25], "texture": "#1"},
				"down": {"uv": [15, 10.25, 16, 12.25], "texture": "#1"}
			}
		},
		{
			"from": [11, 21, 2],
			"to": [11, 25, 5],
			"rotation": {"angle": -45, "axis": "y", "origin": [12, 21.25, 4]},
			"faces": {
				"north": {"uv": [3.25, 1.5, 4.5, 2.75], "texture": "#1"},
				"east": {"uv": [2.75, 10, 3.5, 11], "texture": "#1"},
				"south": {"uv": [0, 1.5, 1.25, 2.75], "texture": "#1"},
				"west": {"uv": [0, 10, 0.75, 11], "texture": "#1"},
				"up": {"uv": [15, 8.25, 16, 10.25], "texture": "#1"},
				"down": {"uv": [15, 10.25, 16, 12.25], "texture": "#1"}
			}
		},
		{
			"from": [11, 21, 11],
			"to": [11, 25, 14],
			"rotation": {"angle": 45, "axis": "y", "origin": [12, 21.25, 12]},
			"faces": {
				"north": {"uv": [0, 1.5, 1.25, 2.75], "texture": "#1"},
				"east": {"uv": [0, 10, 0.75, 11], "texture": "#1"},
				"south": {"uv": [3.25, 1.5, 4.5, 2.75], "texture": "#1"},
				"west": {"uv": [2.75, 10, 3.5, 11], "texture": "#1"},
				"up": {"uv": [15, 8.25, 16, 10.25], "rotation": 180, "texture": "#1"},
				"down": {"uv": [15, 10.25, 16, 12.25], "rotation": 180, "texture": "#1"}
			}
		},
		{
			"from": [11, 18, 2],
			"to": [11, 21, 5],
			"rotation": {"angle": -45, "axis": "y", "origin": [12, 21.25, 4]},
			"faces": {
				"north": {"uv": [3.25, 1.5, 4.5, 2.75], "texture": "#1"},
				"east": {"uv": [2.75, 11, 3.5, 11.75], "texture": "#1"},
				"south": {"uv": [0, 1.5, 1.25, 2.75], "texture": "#1"},
				"west": {"uv": [0, 11, 0.75, 11.75], "texture": "#1"},
				"up": {"uv": [15, 8.25, 16, 10.25], "texture": "#1"},
				"down": {"uv": [15, 10.25, 16, 12.25], "texture": "#1"}
			}
		},
		{
			"from": [11, 18, 11],
			"to": [11, 21, 14],
			"rotation": {"angle": 45, "axis": "y", "origin": [12, 21.25, 12]},
			"faces": {
				"north": {"uv": [0, 1.5, 1.25, 2.75], "texture": "#1"},
				"east": {"uv": [0, 11, 0.75, 11.75], "texture": "#1"},
				"south": {"uv": [3.25, 1.5, 4.5, 2.75], "texture": "#1"},
				"west": {"uv": [2.75, 11, 3.5, 11.75], "texture": "#1"},
				"up": {"uv": [15, 8.25, 16, 10.25], "rotation": 180, "texture": "#1"},
				"down": {"uv": [15, 10.25, 16, 12.25], "rotation": 180, "texture": "#1"}
			}
		}
	],
	"display": {
		"thirdperson_righthand": {
			"rotation": [75, 45, 0],
			"translation": [0, 2.5, 0],
			"scale": [0.375, 0.375, 0.375]
		},
		"thirdperson_lefthand": {
			"rotation": [75, 45, 0],
			"translation": [0, 2.5, 0],
			"scale": [0.375, 0.375, 0.375]
		},
		"firstperson_righthand": {
			"rotation": [0, -136, 0],
			"scale": [0.4, 0.4, 0.4]
		},
		"firstperson_lefthand": {
			"rotation": [0, 37, 0],
			"scale": [0.4, 0.4, 0.4]
		},
		"ground": {
			"translation": [0, 3, 0],
			"scale": [0.25, 0.25, 0.25]
		},
		"gui": {
			"rotation": [30, 225, 0],
			"scale": [0.625, 0.625, 0.625]
		},
		"fixed": {
			"scale": [0.5, 0.5, 0.5]
		}
	},
	"groups": [0, 1, 2, 3, 4, 5, 6, 7, 8,
		{
			"name": "henkel",
			"origin": [8, 8, 8],
			"children": [9, 10, 11]
		},
		{
			"name": "liquid",
			"origin": [8, 8, 8],
			"children": [12]
		}, 13, 14, 15, 16, 17, 18, 19, 20, 21, 22, 23, 24, 25, 26, 27]
}