{
	"credit": "Made with Blockbench",
	"ambientocclusion": false,
	"textures": {
		"0": "item/bucket_3d",
		"particle": "item/bucket_3d"
	},
	"elements": [
		{
			"from": [3, 0, 3],
			"to": [13, 1, 13],
			"faces": {
				"north": {"uv": [0, 0, 10, 1], "texture": "#missing"},
				"east": {"uv": [0, 0, 10, 1], "texture": "#missing"},
				"south": {"uv": [0, 0, 10, 1], "texture": "#missing"},
				"west": {"uv": [0, 0, 10, 1], "texture": "#missing"},
				"up": {"uv": [0.5, 9.75, 3, 12.25], "texture": "#0"},
				"down": {"uv": [0.5, 9.75, 3, 12.25], "texture": "#0"}
			}
		},
		{
			"from": [3, 0, 2],
			"to": [13, 13, 3],
			"faces": {
				"north": {"uv": [0.5, 12.5, 3, 15.75], "texture": "#0"},
				"east": {"uv": [2.5, 12.75, 2.75, 15.75], "texture": "#0"},
				"south": {"uv": [0.5, 12.5, 3, 15.75], "texture": "#0"},
				"west": {"uv": [0.25, 12.75, 0.5, 15.75], "texture": "#0"},
				"up": {"uv": [0.25, 12.75, 2.75, 13], "texture": "#0"},
				"down": {"uv": [0.5, 15.5, 3, 15.75], "texture": "#0"}
			}
		},
		{
			"from": [2, 0, 2],
			"to": [3, 13, 14],
			"faces": {
				"north": {"uv": [0.25, 12.5, 0.5, 15.75], "texture": "#0"},
				"east": {"uv": [0.25, 12.5, 3.25, 15.75], "texture": "#0"},
				"south": {"uv": [0.25, 12.5, 0.5, 15.75], "texture": "#0"},
				"west": {"uv": [0.25, 12.5, 3.25, 15.75], "texture": "#0"},
				"up": {"uv": [0.25, 12.75, 2.75, 13], "rotation": 270, "texture": "#0"},
				"down": {"uv": [0.25, 15.5, 3.25, 15.75], "rotation": 90, "texture": "#0"}
			}
		},
		{
			"from": [3, 0, 13],
			"to": [13, 13, 14],
			"faces": {
				"north": {"uv": [0.5, 12.5, 3, 15.75], "texture": "#0"},
				"east": {"uv": [0.25, 12.75, 0.5, 15.75], "texture": "#0"},
				"south": {"uv": [0.5, 12.5, 3, 15.75], "texture": "#0"},
				"west": {"uv": [2.5, 12.75, 2.75, 15.75], "texture": "#0"},
				"up": {"uv": [0.25, 12.75, 2.75, 13], "rotation": 180, "texture": "#0"},
				"down": {"uv": [0.5, 15.5, 3, 15.75], "rotation": 180, "texture": "#0"}
			}
		},
		{
			"from": [13, 0, 2],
			"to": [14, 13, 14],
			"faces": {
				"north": {"uv": [3, 12.5, 3.25, 15.75], "texture": "#0"},
				"east": {"uv": [0.25, 12.5, 3.25, 15.75], "texture": "#0"},
				"south": {"uv": [3, 12.5, 3.25, 15.75], "texture": "#0"},
				"west": {"uv": [0.25, 12.5, 3.25, 15.75], "texture": "#0"},
				"up": {"uv": [0.25, 12.75, 2.75, 13], "rotation": 90, "texture": "#0"},
				"down": {"uv": [0.25, 15.5, 3.25, 15.75], "rotation": 270, "texture": "#0"}
			}
		},
		{
			"from": [1, 13, 1],
			"to": [3, 15, 15],
			"faces": {
				"north": {"uv": [15.25, 15.25, 15.75, 15.75], "texture": "#0"},
				"east": {"uv": [12.25, 14.25, 15.75, 14.75], "texture": "#0"},
				"south": {"uv": [12.25, 15.25, 12.75, 15.75], "texture": "#0"},
				"west": {"uv": [12.25, 15.25, 15.75, 15.75], "texture": "#0"},
				"up": {"uv": [11.25, 12.25, 11.75, 15.75], "texture": "#0"},
				"down": {"uv": [11.75, 12.25, 12.25, 15.75], "texture": "#0"}
			}
		},
		{
			"from": [13, 13, 1],
			"to": [15, 15, 15],
			"faces": {
				"north": {"uv": [12.25, 15.25, 12.75, 15.75], "texture": "#0"},
				"east": {"uv": [12.25, 15.25, 15.75, 15.75], "texture": "#0"},
				"south": {"uv": [15.25, 15.25, 15.75, 15.75], "texture": "#0"},
				"west": {"uv": [12.25, 14.25, 15.75, 14.75], "texture": "#0"},
				"up": {"uv": [11.25, 12.25, 11.75, 15.75], "rotation": 180, "texture": "#0"},
				"down": {"uv": [11.75, 12.25, 12.25, 15.75], "rotation": 180, "texture": "#0"}
			}
		},
		{
			"from": [3, 13, 1],
			"to": [13, 15, 3],
			"faces": {
				"north": {"uv": [12.75, 15.25, 15.25, 15.75], "texture": "#0"},
				"east": {"uv": [0, 0, 2, 2], "texture": "#0"},
				"south": {"uv": [12.75, 14.25, 15.25, 14.75], "texture": "#0"},
				"west": {"uv": [0, 0, 2, 2], "texture": "#0"},
				"up": {"uv": [12.75, 15.25, 15.25, 15.75], "texture": "#0"},
				"down": {"uv": [12.75, 15.25, 15.25, 15.75], "texture": "#0"}
			}
		},
		{
			"from": [3, 13, 13],
			"to": [13, 15, 15],
			"faces": {
				"north": {"uv": [12.75, 14.25, 15.25, 14.75], "texture": "#0"},
				"east": {"uv": [0, 0, 2, 2], "texture": "#0"},
				"south": {"uv": [12.75, 15.25, 15.25, 15.75], "texture": "#0"},
				"west": {"uv": [0, 0, 2, 2], "texture": "#0"},
				"up": {"uv": [12.75, 15.25, 15.25, 15.75], "rotation": 180, "texture": "#0"},
				"down": {"uv": [12.75, 15.25, 15.25, 15.75], "rotation": 180, "texture": "#0"}
			}
		},
		{
			"from": [7, 13, 0],
			"to": [20, 15, 1],
			"rotation": {"angle": -45, "axis": "z", "origin": [8, 14, 0.5]},
			"faces": {
				"north": {"uv": [5.5, 12.5, 6, 15.75], "rotation": 270, "texture": "#0"},
				"east": {"uv": [5.5, 15.5, 6, 15.75], "rotation": 90, "texture": "#0"},
				"south": {"uv": [5.5, 12.5, 6, 15.75], "rotation": 90, "texture": "#0"},
				"west": {"uv": [5.5, 12.5, 6, 12.75], "rotation": 90, "texture": "#0"},
				"up": {"uv": [5.75, 12.5, 6, 15.75], "rotation": 90, "texture": "#0"},
				"down": {"uv": [5.5, 12.5, 5.75, 15.75], "rotation": 90, "texture": "#0"}
			}
		},
		{
			"from": [7, 13, 15],
			"to": [20, 15, 16],
			"rotation": {"angle": -45, "axis": "z", "origin": [8, 14, 0.5]},
			"faces": {
				"north": {"uv": [5.5, 12.5, 6, 15.75], "rotation": 270, "texture": "#0"},
				"east": {"uv": [5.5, 15.5, 6, 15.75], "rotation": 90, "texture": "#0"},
				"south": {"uv": [5.5, 12.5, 6, 15.75], "rotation": 90, "texture": "#0"},
				"west": {"uv": [5.5, 12.5, 6, 12.75], "rotation": 90, "texture": "#0"},
				"up": {"uv": [5.75, 12.5, 6, 15.75], "rotation": 90, "texture": "#0"},
				"down": {"uv": [5.5, 12.5, 5.75, 15.75], "rotation": 90, "texture": "#0"}
			}
		},
		{
			"from": [18, 13, 1],
			"to": [20, 15, 15],
			"rotation": {"angle": -45, "axis": "z", "origin": [8, 14, 0.5]},
			"faces": {
				"north": {"uv": [5.5, 12.5, 6, 15.75], "rotation": 270, "texture": "#0"},
				"east": {"uv": [6, 11.25, 6.5, 14.75], "rotation": 90, "texture": "#0"},
				"south": {"uv": [6, 15.25, 9.5, 15.75], "rotation": 90, "texture": "#0"},
				"west": {"uv": [6, 11.25, 6.5, 14.75], "rotation": 90, "texture": "#0"},
				"up": {"uv": [6, 15.25, 9.5, 15.75], "rotation": 90, "texture": "#0"},
				"down": {"uv": [6, 15.25, 9.5, 15.75], "rotation": 90, "texture": "#0"}
			}
		}
	],
	"display": {
		"thirdperson_righthand": {
			"rotation": [75, 45, 0],
			"translation": [0, 2.5, 0],
			"scale": [0.375, 0.375, 0.375]
		},
		"thirdperson_lefthand": {
			"rotation": [75, 45, 0],
			"translation": [0, 2.5, 0],
			"scale": [0.375, 0.375, 0.375]
		},
		"firstperson_righthand": {
			"rotation": [0, 45, 0],
			"scale": [0.4, 0.4, 0.4]
		},
		"firstperson_lefthand": {
			"rotation": [0, 225, 0],
			"scale": [0.4, 0.4, 0.4]
		},
		"ground": {
			"translation": [0, 3, 0],
			"scale": [0.25, 0.25, 0.25]
		},
		"gui": {
			"rotation": [30, 225, 0],
			"scale": [0.625, 0.625, 0.625]
		},
		"fixed": {
			"scale": [0.5, 0.5, 0.5]
		}
	},
	"groups": [0, 1, 2, 3, 4, 5, 6, 7, 8,
		{
			"name": "henkel",
			"origin": [8, 8, 8],
			"children": [9, 10, 11]
		}
	]
}