{
	"credit": "Made with Blockbench",
	"textures": {
		"0": "block/comparator_on",
		"particle": "block/comparator_on"
	},
	"elements": [
		{
			"from": [0, 0, 0],
			"to": [16, 2, 16],
			"faces": {
				"north": {"uv": [0, 11.5, 4, 12], "texture": "#0"},
				"east": {"uv": [0, 10.5, 4, 11], "texture": "#0"},
				"south": {"uv": [0, 10, 4, 10.5], "texture": "#0"},
				"west": {"uv": [0, 11, 4, 11.5], "texture": "#0"},
				"up": {"uv": [0, 12, 4, 16], "texture": "#0"},
				"down": {"uv": [0, 0, 4, 4], "texture": "#0"}
			}
		},
		{
			"from": [5, 2, 0],
			"to": [11, 3, 16],
			"faces": {
				"north": {"uv": [1.5, 9.5, 2.75, 9.75], "texture": "#0"},
				"east": {"uv": [1.5, 9, 5.5, 9.25], "texture": "#0"},
				"south": {"uv": [1.5, 9.25, 2.75, 9.5], "texture": "#0"},
				"west": {"uv": [1.5, 8.75, 5.5, 9], "texture": "#0"},
				"up": {"uv": [0, 6, 1.5, 10], "texture": "#0"},
				"down": {"uv": [0, 0, 6, 16], "texture": "#0"}
			}
		},
		{
			"from": [7, 3, 2],
			"to": [9, 7, 4],
			"faces": {
				"north": {"uv": [11.25, 15, 11.75, 16], "texture": "#0"},
				"east": {"uv": [11.75, 15, 12.25, 16], "texture": "#0"},
				"south": {"uv": [11.25, 15, 11.75, 16], "texture": "#0"},
				"west": {"uv": [11.75, 15, 12.25, 16], "texture": "#0"},
				"up": {"uv": [11.25, 14.5, 11.75, 15], "texture": "#0"},
				"down": {"uv": [0, 0, 2, 2], "texture": "#0"}
			}
		},
		{
			"from": [2, 2, 12],
			"to": [4, 6, 14],
			"faces": {
				"north": {"uv": [12.75, 15, 13.25, 16], "texture": "#0"},
				"east": {"uv": [12.25, 15, 12.75, 16], "texture": "#0"},
				"south": {"uv": [12.75, 15, 13.25, 16], "texture": "#0"},
				"west": {"uv": [12.25, 15, 12.75, 16], "texture": "#0"},
				"up": {"uv": [12.75, 14.5, 13.25, 15], "texture": "#0"},
				"down": {"uv": [0, 0, 2, 2], "texture": "#0"}
			}
		},
		{
			"from": [12, 2, 12],
			"to": [14, 6, 14],
			"faces": {
				"north": {"uv": [12.75, 15, 13.25, 16], "texture": "#0"},
				"east": {"uv": [12.25, 15, 12.75, 16], "texture": "#0"},
				"south": {"uv": [12.75, 15, 13.25, 16], "texture": "#0"},
				"west": {"uv": [12.25, 15, 12.75, 16], "texture": "#0"},
				"up": {"uv": [12.75, 14.5, 13.25, 15], "texture": "#0"},
				"down": {"uv": [0, 0, 2, 2], "texture": "#0"}
			}
		}
	],
	"display": {
		"thirdperson_righthand": {
			"rotation": [75, 45, 0],
			"translation": [0, 3.75, 2],
			"scale": [0.375, 0.375, 0.375]
		},
		"thirdperson_lefthand": {
			"rotation": [75, 45, 0],
			"translation": [0, 3.25, 2.25],
			"scale": [0.375, 0.375, 0.375]
		},
		"firstperson_righthand": {
			"rotation": [0, 45, 0],
			"translation": [0, 3.25, 0],
			"scale": [0.4, 0.4, 0.4]
		},
		"firstperson_lefthand": {
			"rotation": [0, 225, 0],
			"translation": [0, 2.75, 0],
			"scale": [0.4, 0.4, 0.4]
		},
		"ground": {
			"translation": [0, 3, 0],
			"scale": [0.25, 0.25, 0.25]
		},
		"gui": {
			"rotation": [30, 225, 0],
			"scale": [0.625, 0.625, 0.625]
		},
		"head": {
			"rotation": [0, 180, 0],
			"translation": [0, 13, 7]
		},
		"fixed": {
			"rotation": [-90, 0, 0],
			"translation": [0, 0, -7.75],
			"scale": [1.25, 1.25, 1.25]
		}
	}
}