{
	"credit": "Made with Blockbench",
	"ambientocclusion": false,
	"textures": {
		"0": "item/bowl_3d",
		"particle": "item/bowl_3d"
	},
	"elements": [
		{
			"from": [1, 4, 1],
			"to": [2, 6, 15],
			"rotation": {"angle": 0, "axis": "y", "origin": [8, 10, 8]},
			"faces": {
				"north": {"uv": [10.5, 14.75, 10.75, 15.25], "texture": "#0"},
				"east": {"uv": [7.25, 13.75, 10.75, 14.25], "texture": "#0"},
				"south": {"uv": [7.25, 14.75, 7.5, 15.25], "texture": "#0"},
				"west": {"uv": [7.25, 14.75, 10.75, 15.25], "texture": "#0"},
				"up": {"uv": [10.25, 9.75, 10.5, 13.25], "texture": "#0"},
				"down": {"uv": [10.25, 9.75, 10.5, 13.25], "texture": "#0"}
			}
		},
		{
			"from": [3, 2, 3],
			"to": [13, 3, 13],
			"rotation": {"angle": 0, "axis": "y", "origin": [8, 10, 8]},
			"faces": {
				"north": {"uv": [7.75, 15.5, 10.25, 15.75], "texture": "#0"},
				"east": {"uv": [7.75, 15.5, 10.25, 15.75], "texture": "#0"},
				"south": {"uv": [7.75, 15.5, 10.25, 15.75], "texture": "#0"},
				"west": {"uv": [7.75, 15.5, 10.25, 15.75], "texture": "#0"},
				"up": {"uv": [10.75, 13.25, 13.25, 15.75], "texture": "#0"},
				"down": {"uv": [10.75, 13.25, 13.25, 15.75], "texture": "#0"}
			}
		},
		{
			"from": [2, 3, 2],
			"to": [3, 4, 14],
			"rotation": {"angle": 0, "axis": "y", "origin": [8, 10, 8]},
			"faces": {
				"north": {"uv": [10.25, 15.25, 10.5, 15.5], "texture": "#0"},
				"east": {"uv": [7.5, 15.25, 10.5, 15.5], "texture": "#0"},
				"south": {"uv": [7.5, 15.25, 7.75, 15.5], "texture": "#0"},
				"west": {"uv": [7.5, 15.25, 10.5, 15.5], "texture": "#0"},
				"up": {"uv": [13.25, 10, 13.5, 13], "texture": "#0"},
				"down": {"uv": [13.25, 10, 13.5, 13], "texture": "#0"}
			}
		},
		{
			"from": [13, 3, 2],
			"to": [14, 4, 14],
			"rotation": {"angle": 0, "axis": "y", "origin": [8, 10, 8]},
			"faces": {
				"north": {"uv": [7.5, 15.25, 7.75, 15.5], "texture": "#0"},
				"east": {"uv": [7.5, 15.25, 10.5, 15.5], "texture": "#0"},
				"south": {"uv": [10.25, 15.25, 10.5, 15.5], "texture": "#0"},
				"west": {"uv": [7.5, 15.25, 10.5, 15.5], "texture": "#0"},
				"up": {"uv": [10.5, 10, 10.75, 13], "texture": "#0"},
				"down": {"uv": [10.5, 10, 10.75, 13], "texture": "#0"}
			}
		},
		{
			"from": [14, 4, 1],
			"to": [15, 6, 15],
			"rotation": {"angle": 0, "axis": "y", "origin": [8, 10, 8]},
			"faces": {
				"north": {"uv": [7.25, 14.75, 7.5, 15.25], "texture": "#0"},
				"east": {"uv": [7.25, 14.75, 10.75, 15.25], "texture": "#0"},
				"south": {"uv": [10.5, 14.75, 10.75, 15.25], "texture": "#0"},
				"west": {"uv": [7.25, 13.75, 10.75, 14.25], "texture": "#0"},
				"up": {"uv": [13.5, 9.75, 13.75, 13.25], "texture": "#0"},
				"down": {"uv": [13.5, 9.75, 13.75, 13.25], "texture": "#0"}
			}
		},
		{
			"from": [2, 4, 1],
			"to": [14, 6, 2],
			"rotation": {"angle": 0, "axis": "y", "origin": [8, 10, 8]},
			"faces": {
				"north": {"uv": [7.5, 14.75, 10.5, 15.25], "texture": "#0"},
				"east": {"uv": [0, 0, 1, 2], "texture": "#0"},
				"south": {"uv": [7.5, 13.75, 10.5, 14.25], "texture": "#0"},
				"west": {"uv": [0, 0, 1, 2], "texture": "#0"},
				"up": {"uv": [10.5, 9.75, 13.5, 10], "texture": "#0"},
				"down": {"uv": [10.5, 13, 13.5, 13.25], "texture": "#0"}
			}
		},
		{
			"from": [2, 4, 14],
			"to": [14, 6, 15],
			"rotation": {"angle": 0, "axis": "y", "origin": [8, 10, 8]},
			"faces": {
				"north": {"uv": [7.5, 13.75, 10.5, 14.25], "texture": "#0"},
				"east": {"uv": [0, 0, 1, 2], "texture": "#0"},
				"south": {"uv": [7.5, 14.75, 10.5, 15.25], "texture": "#0"},
				"west": {"uv": [0, 0, 1, 2], "texture": "#0"},
				"up": {"uv": [10.5, 13, 13.5, 13.25], "texture": "#0"},
				"down": {"uv": [10.5, 9.75, 13.5, 10], "texture": "#0"}
			}
		},
		{
			"from": [3, 3, 13],
			"to": [13, 4, 14],
			"rotation": {"angle": 0, "axis": "y", "origin": [8, 10, 8]},
			"faces": {
				"north": {"uv": [7.75, 15.25, 10.25, 15.5], "texture": "#0"},
				"east": {"uv": [0, 0, 1, 1], "texture": "#0"},
				"south": {"uv": [7.75, 15.25, 10.25, 15.5], "texture": "#0"},
				"west": {"uv": [0, 0, 1, 1], "texture": "#0"},
				"up": {"uv": [10.75, 10, 13.25, 10.25], "texture": "#0"},
				"down": {"uv": [10.75, 12.75, 13.25, 13], "texture": "#0"}
			}
		},
		{
			"from": [3, 3, 2],
			"to": [13, 4, 3],
			"rotation": {"angle": 0, "axis": "y", "origin": [8, 10, 8]},
			"faces": {
				"north": {"uv": [7.75, 15.25, 10.25, 15.5], "texture": "#0"},
				"east": {"uv": [0, 0, 1, 1], "texture": "#0"},
				"south": {"uv": [7.75, 15.25, 10.25, 15.5], "texture": "#0"},
				"west": {"uv": [0, 0, 1, 1], "texture": "#0"},
				"up": {"uv": [10.75, 10, 13.25, 10.25], "texture": "#0"},
				"down": {"uv": [10.75, 10, 13.25, 10.25], "texture": "#0"}
			}
		},
		{
			"from": [2, 4, 2],
			"to": [14, 5, 14],
			"faces": {
				"north": {"uv": [0, 0, 12, 1], "texture": "#0"},
				"east": {"uv": [0, 0, 12, 1], "texture": "#0"},
				"south": {"uv": [0, 0, 12, 1], "texture": "#0"},
				"west": {"uv": [0, 0, 12, 1], "texture": "#0"},
				"up": {"uv": [0.25, 6.75, 3.25, 9.75], "texture": "#0"},
				"down": {"uv": [0, 0, 12, 12], "texture": "#0"}
			}
		},
		{
			"from": [7, 5, 9],
			"to": [8, 10, 11],
			"faces": {
				"north": {"uv": [4, 14.5, 4.25, 15.75], "texture": "#0"},
				"east": {"uv": [3.75, 14.5, 4.25, 15.75], "texture": "#0"},
				"south": {"uv": [4.75, 14.5, 5, 15.75], "texture": "#0"},
				"west": {"uv": [4.5, 14.5, 5, 15.75], "texture": "#0"},
				"up": {"uv": [3.75, 14.25, 4, 14.75], "texture": "#0"},
				"down": {"uv": [0, 0, 1, 2], "texture": "#0"}
			}
		},
		{
			"from": [7, 5, 5],
			"to": [8, 10, 7],
			"faces": {
				"north": {"uv": [3.75, 14.5, 4, 15.75], "texture": "#0"},
				"east": {"uv": [4.5, 14.5, 5, 15.75], "texture": "#0"},
				"south": {"uv": [4.5, 14.5, 4.75, 15.75], "texture": "#0"},
				"west": {"uv": [3.75, 14.5, 4.25, 15.75], "texture": "#0"},
				"up": {"uv": [3.75, 14, 4, 14.5], "texture": "#0"},
				"down": {"uv": [0, 0, 1, 2], "texture": "#0"}
			}
		}
	],
	"display": {
		"thirdperson_righthand": {
			"rotation": [75, 45, 0],
			"translation": [0, 2.5, 0],
			"scale": [0.375, 0.375, 0.375]
		},
		"thirdperson_lefthand": {
			"rotation": [75, 45, 0],
			"translation": [0, 2.5, 0],
			"scale": [0.375, 0.375, 0.375]
		},
		"firstperson_righthand": {
			"rotation": [0, 45, 0],
			"translation": [0, 2, 0],
			"scale": [0.4, 0.4, 0.4]
		},
		"firstperson_lefthand": {
			"rotation": [0, 225, 0],
			"translation": [0, 1.75, 0],
			"scale": [0.4, 0.4, 0.4]
		},
		"ground": {
			"translation": [0, 3, 0],
			"scale": [0.25, 0.25, 0.25]
		},
		"gui": {
			"rotation": [30, 225, 0],
			"scale": [0.625, 0.625, 0.625]
		},
		"fixed": {
			"scale": [0.5, 0.5, 0.5]
		}
	},
	"groups": [
		{
			"name": "group",
			"origin": [8, 8, 8],
			"children": [0, 1, 2, 3, 4, 5, 6, 7, 8]
		}, 9, 10, 11]
}