{
	"credit": "Made with Blockbench",
	"ambientocclusion": false,
	"textures": {
		"3": "block/repeater_on_3D",
		"particle": "block/repeater"
	},
	"elements": [
		{
			"from": [0, 0, 0],
			"to": [16, 2, 16],
			"faces": {
				"north": {"uv": [1, 8.5, 5, 9], "texture": "#3", "cullface": "north"},
				"east": {"uv": [1, 8.5, 5, 9], "texture": "#3", "cullface": "east"},
				"south": {"uv": [1, 8.5, 5, 9], "texture": "#3", "cullface": "south"},
				"west": {"uv": [1, 8.5, 5, 9], "texture": "#3", "cullface": "west"},
				"up": {"uv": [0, 12, 4, 16], "texture": "#3"},
				"down": {"uv": [0, 0, 4, 4], "texture": "#3", "cullface": "down"}
			}
		},
		{
			"from": [4, 2, 6],
			"to": [5, 4, 8],
			"faces": {
				"north": {"uv": [7.25, 15, 7.5, 15.5], "texture": "#3"},
				"east": {"uv": [7.75, 15, 8.25, 15.5], "texture": "#3"},
				"south": {"uv": [7.5, 15, 7.75, 15.5], "texture": "#3"},
				"west": {"uv": [7.25, 15, 7.75, 15.5], "texture": "#3"},
				"up": {"uv": [0, 0, 1, 2], "texture": "#3"},
				"down": {"uv": [0, 0, 1, 2], "texture": "#3"}
			}
		},
		{
			"from": [11, 2, 6],
			"to": [12, 4, 8],
			"faces": {
				"north": {"uv": [7.25, 15, 7.5, 15.5], "texture": "#3"},
				"east": {"uv": [7.75, 15, 8.25, 15.5], "texture": "#3"},
				"south": {"uv": [7.5, 15, 7.75, 15.5], "texture": "#3"},
				"west": {"uv": [7.25, 15, 7.75, 15.5], "texture": "#3"},
				"up": {"uv": [0, 0, 1, 2], "texture": "#3"},
				"down": {"uv": [0, 0, 1, 2], "texture": "#3"}
			}
		},
		{
			"from": [3, 4, 6],
			"to": [13, 6, 9],
			"faces": {
				"north": {"uv": [8, 15.5, 10.5, 16], "texture": "#3"},
				"east": {"uv": [7.25, 15.5, 8, 16], "texture": "#3"},
				"south": {"uv": [4.75, 15.5, 7.25, 16], "texture": "#3"},
				"west": {"uv": [4, 15.5, 4.75, 16], "texture": "#3"},
				"up": {"uv": [4.75, 14.75, 7.25, 15.5], "texture": "#3"},
				"down": {"uv": [4.75, 14, 7.25, 14.75], "texture": "#3"}
			}
		},
		{
			"from": [7, 2, 2],
			"to": [9, 6, 4],
			"faces": {
				"north": {"uv": [11.25, 15, 11.75, 16], "texture": "#3"},
				"east": {"uv": [11.75, 15, 12.25, 16], "texture": "#3"},
				"south": {"uv": [11.25, 15, 11.75, 16], "texture": "#3"},
				"west": {"uv": [11.75, 15, 12.25, 16], "texture": "#3"},
				"up": {"uv": [11.75, 15, 12.25, 15.5], "texture": "#3"},
				"down": {"uv": [0, 0, 2, 2], "texture": "#3"}
			}
		}
	],
	"display": {
		"thirdperson_righthand": {
			"rotation": [75, 45, 0],
			"translation": [0, 2.5, 2],
			"scale": [0.375, 0.375, 0.375]
		},
		"thirdperson_lefthand": {
			"rotation": [75, 45, 0],
			"translation": [0, 2.5, 2],
			"scale": [0.375, 0.375, 0.375]
		},
		"firstperson_righthand": {
			"rotation": [0, 45, 0],
			"translation": [0, 3.25, 0],
			"scale": [0.4, 0.4, 0.4]
		},
		"firstperson_lefthand": {
			"rotation": [0, 225, 0],
			"translation": [0, 3.75, 0],
			"scale": [0.4, 0.4, 0.4]
		},
		"ground": {
			"translation": [0, 3, 0],
			"scale": [0.25, 0.25, 0.25]
		},
		"gui": {
			"rotation": [30, 225, 0],
			"scale": [0.625, 0.625, 0.625]
		},
		"fixed": {
			"rotation": [-90, 0, 0],
			"translation": [0, 0, -8.25],
			"scale": [1.25, 1.25, 1.25]
		}
	},
	"groups": [0,
		{
			"name": "slider",
			"origin": [8, 8, 8],
			"children": [1, 2, 3]
		}, 4]
}