{
	"credit": "Made with Blockbench",
	"parent": "minecraft:block/cube_bottom_top",
	"textures": {
		"1": "block/barrel_bottom",
		"2": "block/barrel_side",
		"3": "block/barrel_top",
		"4": "block/barrel_rings",
		"particle": "block/barrel_top_open"
	},
	"elements": [
		{
			"from": [0, 0, 0],
			"to": [16, 15, 16],
			"faces": {
				"north": {"uv": [0, 1, 16, 16], "texture": "#2"},
				"east": {"uv": [0, 1, 16, 16], "texture": "#2"},
				"south": {"uv": [0, 1, 16, 16], "texture": "#2"},
				"west": {"uv": [0, 1, 16, 16], "texture": "#2"},
				"up": {"uv": [0, 0, 16, 16], "texture": "#3"},
				"down": {"uv": [0, 0, 16, 16], "texture": "#1"}
			}
		},
		{
			"from": [15.999, 3, 0.001],
			"to": [16.999, 5, 15.999],
			"rotation": {"angle": 0, "axis": "y", "origin": [24, 11, 8]},
			"faces": {
				"north": {"uv": [15, 11, 16, 13], "texture": "#2"},
				"east": {"uv": [0, 11, 16, 13], "texture": "#2"},
				"south": {"uv": [0, 11, 1, 13], "texture": "#2"},
				"west": {"uv": [0, 11, 16, 13], "texture": "#2"},
				"up": {"uv": [3, 0, 4, 16], "texture": "#4"},
				"down": {"uv": [2, 0, 3, 16], "texture": "#4"}
			}
		},
		{
			"from": [-0.999, 3, 0.001],
			"to": [0.001, 5, 15.999],
			"rotation": {"angle": 0, "axis": "y", "origin": [7, 11, 8]},
			"faces": {
				"north": {"uv": [15, 11, 16, 13], "texture": "#2"},
				"east": {"uv": [0, 11, 16, 13], "texture": "#2"},
				"south": {"uv": [0, 11, 1, 13], "texture": "#2"},
				"west": {"uv": [0, 11, 16, 13], "texture": "#2"},
				"up": {"uv": [3, 0, 4, 16], "texture": "#4"},
				"down": {"uv": [2, 0, 3, 16], "texture": "#4"}
			}
		},
		{
			"from": [-0.999, 11, 0.001],
			"to": [0.001, 13, 15.999],
			"rotation": {"angle": 0, "axis": "y", "origin": [7, 19, 8]},
			"faces": {
				"north": {"uv": [15, 11, 16, 13], "texture": "#2"},
				"east": {"uv": [0, 11, 16, 13], "texture": "#2"},
				"south": {"uv": [0, 11, 1, 13], "texture": "#2"},
				"west": {"uv": [0, 3, 16, 5], "texture": "#2"},
				"up": {"uv": [1, 0, 2, 16], "texture": "#4"},
				"down": {"uv": [0, 0, 1, 16], "texture": "#4"}
			}
		},
		{
			"from": [15.999, 11, 0.001],
			"to": [16.999, 13, 15.999],
			"rotation": {"angle": 0, "axis": "y", "origin": [24, 19, 8]},
			"faces": {
				"north": {"uv": [15, 11, 16, 13], "texture": "#2"},
				"east": {"uv": [0, 3, 16, 5], "texture": "#2"},
				"south": {"uv": [0, 11, 1, 13], "texture": "#2"},
				"west": {"uv": [0, 3, 16, 5], "texture": "#2"},
				"up": {"uv": [1, 0, 2, 16], "texture": "#4"},
				"down": {"uv": [0, 0, 1, 16], "texture": "#4"}
			}
		},
		{
			"from": [0.001, 11, 15.999],
			"to": [15.999, 13, 16.999],
			"rotation": {"angle": 0, "axis": "y", "origin": [7.5, 12, 17]},
			"faces": {
				"north": {"uv": [0, 3, 16, 5], "texture": "#2"},
				"east": {"uv": [0, 11, 1, 13], "texture": "#2"},
				"south": {"uv": [0, 3, 16, 5], "texture": "#2"},
				"west": {"uv": [15, 11, 16, 13], "texture": "#2"},
				"up": {"uv": [1, 0, 2, 16], "rotation": 270, "texture": "#4"},
				"down": {"uv": [0, 0, 1, 16], "rotation": 90, "texture": "#4"}
			}
		},
		{
			"from": [0.001, 11, -0.999],
			"to": [15.999, 13, 0.001],
			"rotation": {"angle": 0, "axis": "y", "origin": [7.5, 12, 0]},
			"faces": {
				"north": {"uv": [0, 3, 16, 5], "texture": "#2"},
				"east": {"uv": [0, 11, 1, 13], "texture": "#2"},
				"south": {"uv": [0, 3, 16, 5], "texture": "#2"},
				"west": {"uv": [15, 11, 16, 13], "texture": "#2"},
				"up": {"uv": [1, 0, 2, 16], "rotation": 270, "texture": "#4"},
				"down": {"uv": [0, 0, 1, 16], "rotation": 90, "texture": "#4"}
			}
		},
		{
			"from": [0.001, 3, -0.999],
			"to": [15.999, 5, 0.001],
			"rotation": {"angle": 0, "axis": "y", "origin": [7.5, 4, 0]},
			"faces": {
				"north": {"uv": [0, 11, 16, 13], "texture": "#2"},
				"east": {"uv": [0, 11, 1, 13], "texture": "#2"},
				"south": {"uv": [0, 11, 16, 13], "texture": "#2"},
				"west": {"uv": [15, 11, 16, 13], "texture": "#2"},
				"up": {"uv": [3, 0, 4, 16], "rotation": 270, "texture": "#4"},
				"down": {"uv": [2, 0, 3, 16], "rotation": 90, "texture": "#4"}
			}
		},
		{
			"from": [0.001, 3, 15.999],
			"to": [15.999, 5, 16.999],
			"rotation": {"angle": 0, "axis": "y", "origin": [7.5, 4, 17]},
			"faces": {
				"north": {"uv": [0, 11, 16, 13], "texture": "#2"},
				"east": {"uv": [0, 11, 1, 13], "texture": "#2"},
				"south": {"uv": [0, 11, 16, 13], "texture": "#2"},
				"west": {"uv": [15, 11, 16, 13], "texture": "#2"},
				"up": {"uv": [3, 0, 4, 16], "rotation": 270, "texture": "#4"},
				"down": {"uv": [2, 0, 3, 16], "rotation": 90, "texture": "#4"}
			}
		},
		{
			"from": [0, 15, 0],
			"to": [1, 16, 16],
			"rotation": {"angle": 0, "axis": "y", "origin": [8, 23, 8]},
			"faces": {
				"north": {"uv": [15, 0, 16, 1], "texture": "#2"},
				"east": {"uv": [0, 0, 16, 1], "texture": "#2"},
				"south": {"uv": [0, 0, 1, 1], "texture": "#2"},
				"west": {"uv": [0, 0, 16, 1], "texture": "#2"},
				"up": {"uv": [0, 0, 1, 16], "texture": "#3"},
				"down": {"uv": [0, 0, 1, 16], "texture": "#missing"}
			}
		},
		{
			"from": [15, 15, 0],
			"to": [16, 16, 16],
			"rotation": {"angle": 0, "axis": "y", "origin": [23, 23, 8]},
			"faces": {
				"north": {"uv": [0, 0, 1, 1], "texture": "#2"},
				"east": {"uv": [0, 0, 16, 1], "texture": "#2"},
				"south": {"uv": [15, 0, 16, 1], "texture": "#2"},
				"west": {"uv": [0, 0, 16, 1], "texture": "#2"},
				"up": {"uv": [15, 0, 16, 16], "texture": "#3"},
				"down": {"uv": [0, 0, 1, 16], "texture": "#missing"}
			}
		},
		{
			"from": [1, 15, 0],
			"to": [15, 16, 1],
			"rotation": {"angle": 0, "axis": "y", "origin": [9, 23, 8]},
			"faces": {
				"north": {"uv": [1, 0, 15, 1], "texture": "#2"},
				"east": {"uv": [0, 0, 1, 1], "texture": "#missing"},
				"south": {"uv": [1, 0, 15, 1], "texture": "#2"},
				"west": {"uv": [0, 0, 1, 1], "texture": "#missing"},
				"up": {"uv": [1, 0, 15, 1], "texture": "#3"},
				"down": {"uv": [0, 0, 14, 1], "texture": "#missing"}
			}
		},
		{
			"from": [1, 15, 15],
			"to": [15, 16, 16],
			"rotation": {"angle": 0, "axis": "y", "origin": [9, 23, 23]},
			"faces": {
				"north": {"uv": [1, 0, 15, 1], "texture": "#2"},
				"east": {"uv": [0, 0, 1, 1], "texture": "#missing"},
				"south": {"uv": [1, 0, 15, 1], "texture": "#2"},
				"west": {"uv": [0, 0, 1, 1], "texture": "#missing"},
				"up": {"uv": [1, 0, 15, 1], "texture": "#3"},
				"down": {"uv": [0, 0, 14, 1], "texture": "#missing"}
			}
		}
	]
}