{
	"credit": "Made with Blockbench",
	"textures": {
		"particle": "block/brewing_stand_3d"
	},
	"elements": [
		{
			"from": [8, 0, 8],
			"to": [8, 0, 9],
			"color": 3,
			"faces": {
				"north": {"uv": [0, 0, 0, 0], "texture": "#missing"},
				"east": {"uv": [0, 0, 1, 0], "texture": "#missing"},
				"south": {"uv": [0, 0, 0, 0], "texture": "#missing"},
				"west": {"uv": [0, 0, 1, 0], "texture": "#missing"},
				"up": {"uv": [0, 0, 0, 1], "texture": "#missing"},
				"down": {"uv": [0, 0, 0, 1], "texture": "#missing"}
			}
		}
	]
}