{
	"credit": "Made with Blockbench",
	"textures": {
		"0": "block/brewing_stand_3d",
		"particle": "block/brewing_stand_3d"
	},
	"elements": [
		{
			"from": [2, 6, 2],
			"to": [4, 7, 4],
			"rotation": {"angle": 0, "axis": "y", "origin": [6, 11, 5]},
			"faces": {
				"north": {"uv": [0.5, 1.5, 1, 1.75], "texture": "#0"},
				"east": {"uv": [0.5, 1.5, 1, 1.75], "texture": "#0"},
				"south": {"uv": [0.5, 1.5, 1, 1.75], "texture": "#0"},
				"west": {"uv": [0.5, 1.5, 1, 1.75], "texture": "#0"},
				"up": {"uv": [1.5, 1, 2, 1.5], "texture": "#0"},
				"down": {"uv": [1.5, 1, 2, 1.5], "texture": "#0"}
			}
		},
		{
			"from": [2, 7, 2],
			"to": [4, 9, 4],
			"rotation": {"angle": 0, "axis": "y", "origin": [6, 11, 5]},
			"faces": {
				"north": {"uv": [1.5, 1, 2, 1.5], "texture": "#0"},
				"east": {"uv": [1.5, 1, 2, 1.5], "texture": "#0"},
				"south": {"uv": [1.5, 1, 2, 1.5], "texture": "#0"},
				"west": {"uv": [1.5, 1, 2, 1.5], "texture": "#0"},
				"up": {"uv": [1.5, 1, 2, 1.5], "texture": "#0"},
				"down": {"uv": [1.5, 1, 2, 1.5], "texture": "#0"}
			}
		},
		{
			"from": [2, 7, 1],
			"to": [4, 10, 2],
			"rotation": {"angle": 0, "axis": "y", "origin": [6, 11, 5]},
			"faces": {
				"north": {"uv": [0.5, 0.75, 1, 1.5], "texture": "#0"},
				"east": {"uv": [0.25, 0.75, 0.5, 1.5], "texture": "#0"},
				"south": {"uv": [0.5, 0.75, 1, 1.5], "texture": "#0"},
				"west": {"uv": [1, 0.75, 1.25, 1.5], "texture": "#0"},
				"up": {"uv": [0.5, 0.5, 1, 0.75], "texture": "#0"},
				"down": {"uv": [0.5, 1.5, 1, 1.75], "texture": "#0"}
			}
		},
		{
			"from": [2, 7, 4],
			"to": [4, 10, 5],
			"rotation": {"angle": 0, "axis": "y", "origin": [6, 11, 5]},
			"faces": {
				"north": {"uv": [0.5, 0.75, 1, 1.5], "texture": "#0"},
				"east": {"uv": [0.25, 0.75, 0.5, 1.5], "texture": "#0"},
				"south": {"uv": [0.5, 0.75, 1, 1.5], "texture": "#0"},
				"west": {"uv": [1, 0.75, 1.25, 1.5], "texture": "#0"},
				"up": {"uv": [0.5, 0.5, 1, 0.75], "texture": "#0"},
				"down": {"uv": [0.5, 1.5, 1, 1.75], "texture": "#0"}
			}
		},
		{
			"from": [1, 7, 2],
			"to": [2, 10, 4],
			"rotation": {"angle": 0, "axis": "y", "origin": [6, 11, 5]},
			"faces": {
				"north": {"uv": [0.25, 0.75, 0.5, 1.5], "texture": "#0"},
				"east": {"uv": [0.5, 0.75, 1, 1.5], "texture": "#0"},
				"south": {"uv": [1, 0.75, 1.25, 1.5], "texture": "#0"},
				"west": {"uv": [0.5, 0.75, 1, 1.5], "texture": "#0"},
				"up": {"uv": [0.5, 0.5, 1, 0.75], "texture": "#0"},
				"down": {"uv": [0.5, 1.5, 1, 1.75], "texture": "#0"}
			}
		},
		{
			"from": [4, 7, 2],
			"to": [5, 10, 4],
			"rotation": {"angle": 0, "axis": "y", "origin": [6, 11, 5]},
			"faces": {
				"north": {"uv": [0.25, 0.75, 0.5, 1.5], "texture": "#0"},
				"east": {"uv": [0.5, 0.75, 1, 1.5], "texture": "#0"},
				"south": {"uv": [1, 0.75, 1.25, 1.5], "texture": "#0"},
				"west": {"uv": [0.5, 0.75, 1, 1.5], "texture": "#0"},
				"up": {"uv": [0.5, 0.5, 1, 0.75], "texture": "#0"},
				"down": {"uv": [0.5, 1.5, 1, 1.75], "texture": "#0"}
			}
		},
		{
			"from": [2, 10, 2],
			"to": [4, 12, 4],
			"rotation": {"angle": 0, "axis": "y", "origin": [6, 11, 5]},
			"faces": {
				"north": {"uv": [0.5, 0.25, 1, 0.75], "texture": "#0"},
				"east": {"uv": [0.5, 0.25, 1, 0.75], "texture": "#0"},
				"south": {"uv": [0.5, 0.25, 1, 0.75], "texture": "#0"},
				"west": {"uv": [0.5, 0.25, 1, 0.75], "texture": "#0"},
				"up": {"uv": [1, 0.25, 1.5, 0.75], "texture": "#0"},
				"down": {"uv": [0, 0, 2, 2], "texture": "#missing"}
			}
		}
	],
	"groups": [
		{
			"name": "Bottle2",
			"origin": [8, 8, 8],
			"children": [0, 1, 2, 3, 4, 5, 6]
		}
	]
}