{
	"credit": "Made with Blockbench",
	"textures": {
		"0": "block/brewing_stand_3d",
		"particle": "block/brewing_stand_3d"
	},
	"elements": [
		{
			"from": [1, 0, 1],
			"to": [15, 1, 15],
			"faces": {
				"north": {"uv": [12.75, 12.75, 15.75, 13], "texture": "#0"},
				"east": {"uv": [12.75, 15.5, 15.75, 15.75], "texture": "#0"},
				"south": {"uv": [12.75, 12.75, 15.75, 13], "texture": "#0"},
				"west": {"uv": [12.75, 15.5, 15.75, 15.75], "texture": "#0"},
				"up": {"uv": [12.25, 12.25, 15.75, 15.75], "texture": "#0"},
				"down": {"uv": [12.25, 12.25, 15.75, 15.75], "texture": "#0"}
			}
		},
		{
			"from": [6, 5, 6],
			"to": [10, 6, 10],
			"faces": {
				"north": {"uv": [0.25, 15, 1.25, 15.25], "texture": "#0"},
				"east": {"uv": [0.25, 14.5, 1.25, 14.75], "texture": "#0"},
				"south": {"uv": [0.25, 14.25, 1.25, 14.5], "texture": "#0"},
				"west": {"uv": [0.25, 15.25, 1.25, 15.5], "texture": "#0"},
				"up": {"uv": [1.25, 14.75, 2.25, 15.75], "texture": "#0"},
				"down": {"uv": [1.25, 14.75, 2.25, 15.75], "texture": "#0"}
			}
		},
		{
			"from": [5, 1, 5],
			"to": [6, 5, 6],
			"faces": {
				"north": {"uv": [0.5, 14.5, 0.75, 15.5], "texture": "#0"},
				"east": {"uv": [1, 14.5, 1.25, 15.5], "texture": "#0"},
				"south": {"uv": [0.25, 14.75, 0.5, 15.75], "texture": "#0"},
				"west": {"uv": [0.5, 14.25, 0.75, 15.25], "texture": "#0"},
				"up": {"uv": [1, 15.25, 1.25, 15.5], "texture": "#0"},
				"down": {"uv": [0, 0, 1, 1], "texture": "#missing"}
			}
		},
		{
			"from": [10, 1, 5],
			"to": [11, 8, 6],
			"faces": {
				"north": {"uv": [0.75, 14, 1, 15.75], "texture": "#0"},
				"east": {"uv": [1, 14, 1.25, 15.75], "texture": "#0"},
				"south": {"uv": [0.25, 14, 0.5, 15.75], "texture": "#0"},
				"west": {"uv": [0.5, 14, 0.75, 15.75], "texture": "#0"},
				"up": {"uv": [0.75, 14.5, 1, 14.75], "texture": "#0"},
				"down": {"uv": [0, 0, 1, 1], "texture": "#missing"}
			}
		},
		{
			"from": [10, 1, 10],
			"to": [11, 5, 11],
			"faces": {
				"north": {"uv": [0.75, 14.75, 1, 15.75], "texture": "#0"},
				"east": {"uv": [1, 14.5, 1.25, 15.5], "texture": "#0"},
				"south": {"uv": [0.25, 14.25, 0.5, 15.25], "texture": "#0"},
				"west": {"uv": [0.5, 14.75, 0.75, 15.75], "texture": "#0"},
				"up": {"uv": [1, 14.25, 1.25, 14.5], "texture": "#0"},
				"down": {"uv": [0, 0, 1, 1], "texture": "#missing"}
			}
		},
		{
			"from": [5, 1, 10],
			"to": [6, 8, 11],
			"faces": {
				"north": {"uv": [1, 13.5, 1.25, 15.25], "texture": "#0"},
				"east": {"uv": [1, 13.75, 1.25, 15.5], "texture": "#0"},
				"south": {"uv": [0.25, 14, 0.5, 15.75], "texture": "#0"},
				"west": {"uv": [0.5, 14, 0.75, 15.75], "texture": "#0"},
				"up": {"uv": [0.25, 15.5, 0.5, 15.75], "texture": "#0"},
				"down": {"uv": [0, 0, 1, 1], "texture": "#missing"}
			}
		},
		{
			"from": [6, 8, 5],
			"to": [10, 9, 6],
			"faces": {
				"north": {"uv": [2.25, 15, 3.25, 15.25], "texture": "#0"},
				"east": {"uv": [2.25, 15.5, 2.5, 15.75], "texture": "#0"},
				"south": {"uv": [2.25, 15.5, 3.25, 15.75], "texture": "#0"},
				"west": {"uv": [2.75, 15.25, 3, 15.5], "texture": "#0"},
				"up": {"uv": [2.25, 14.75, 3.25, 15], "texture": "#0"},
				"down": {"uv": [2.25, 15.25, 3.25, 15.5], "texture": "#0"}
			}
		},
		{
			"from": [5, 8, 6],
			"to": [6, 9, 10],
			"faces": {
				"north": {"uv": [2.25, 15.5, 2.5, 15.75], "texture": "#0"},
				"east": {"uv": [2.25, 15.5, 3.25, 15.75], "texture": "#0"},
				"south": {"uv": [2.75, 15.25, 3, 15.5], "texture": "#0"},
				"west": {"uv": [2.25, 15, 3.25, 15.25], "texture": "#0"},
				"up": {"uv": [2.25, 14.75, 3.25, 15], "rotation": 270, "texture": "#0"},
				"down": {"uv": [2.25, 15.25, 3.25, 15.5], "rotation": 90, "texture": "#0"}
			}
		},
		{
			"from": [6, 8, 10],
			"to": [10, 9, 11],
			"faces": {
				"north": {"uv": [3, 14.75, 4, 15], "texture": "#0"},
				"east": {"uv": [2.25, 15.5, 2.5, 15.75], "texture": "#0"},
				"south": {"uv": [2.75, 15.25, 3.75, 15.5], "texture": "#0"},
				"west": {"uv": [2.75, 15.25, 3, 15.5], "texture": "#0"},
				"up": {"uv": [2.25, 15.25, 3.25, 15.5], "texture": "#0"},
				"down": {"uv": [2.25, 15.25, 3.25, 15.5], "texture": "#0"}
			}
		},
		{
			"from": [6, 9, 6],
			"to": [10, 10, 10],
			"faces": {
				"north": {"uv": [3, 14.75, 4, 15], "texture": "#0"},
				"east": {"uv": [2.25, 15.5, 2.5, 15.75], "texture": "#0"},
				"south": {"uv": [2.75, 15.25, 3.75, 15.5], "texture": "#0"},
				"west": {"uv": [2.75, 15.25, 3, 15.5], "texture": "#0"},
				"up": {"uv": [2.25, 14.75, 3.25, 15.75], "texture": "#0"},
				"down": {"uv": [3, 14.75, 4, 15.75], "texture": "#0"}
			}
		},
		{
			"from": [10, 8, 6],
			"to": [11, 9, 10],
			"faces": {
				"north": {"uv": [2.25, 15.5, 2.5, 15.75], "texture": "#0"},
				"east": {"uv": [2.75, 15.25, 3.75, 15.5], "texture": "#0"},
				"south": {"uv": [2.75, 15.25, 3, 15.5], "texture": "#0"},
				"west": {"uv": [3, 14.75, 4, 15], "texture": "#0"},
				"up": {"uv": [2.25, 15.25, 3.25, 15.5], "rotation": 270, "texture": "#0"},
				"down": {"uv": [2.25, 15.25, 3.25, 15.5], "rotation": 90, "texture": "#0"}
			}
		},
		{
			"from": [5, 10, 6],
			"to": [6, 11, 7],
			"faces": {
				"north": {"uv": [3.5, 15, 3.75, 15.25], "texture": "#0"},
				"east": {"uv": [3.25, 14.75, 3.5, 15], "texture": "#0"},
				"south": {"uv": [3.5, 15, 3.75, 15.25], "texture": "#0"},
				"west": {"uv": [2.75, 15.5, 3, 15.75], "texture": "#0"},
				"up": {"uv": [3.75, 15.25, 4, 15.5], "texture": "#0"},
				"down": {"uv": [2.75, 15.25, 3, 15.5], "texture": "#0"}
			}
		},
		{
			"from": [6, 12, 5],
			"to": [7, 13, 6],
			"faces": {
				"north": {"uv": [3.5, 15, 3.75, 15.25], "texture": "#0"},
				"east": {"uv": [3.25, 14.75, 3.5, 15], "texture": "#0"},
				"south": {"uv": [3.5, 15, 3.75, 15.25], "texture": "#0"},
				"west": {"uv": [2.75, 15.5, 3, 15.75], "texture": "#0"},
				"up": {"uv": [3.75, 15.25, 4, 15.5], "texture": "#0"},
				"down": {"uv": [2.75, 15.25, 3, 15.5], "texture": "#0"}
			}
		},
		{
			"from": [7, 14, 5],
			"to": [8, 15, 6],
			"faces": {
				"north": {"uv": [3.5, 15, 3.75, 15.25], "texture": "#0"},
				"east": {"uv": [3.25, 14.75, 3.5, 15], "texture": "#0"},
				"south": {"uv": [3.5, 15, 3.75, 15.25], "texture": "#0"},
				"west": {"uv": [2.75, 15.5, 3, 15.75], "texture": "#0"},
				"up": {"uv": [3.75, 15.25, 4, 15.5], "texture": "#0"},
				"down": {"uv": [2.75, 15.25, 3, 15.5], "texture": "#0"}
			}
		},
		{
			"from": [6, 15, 5],
			"to": [7, 16, 6],
			"faces": {
				"north": {"uv": [3.5, 15, 3.75, 15.25], "texture": "#0"},
				"east": {"uv": [3.25, 14.75, 3.5, 15], "texture": "#0"},
				"south": {"uv": [3.5, 15, 3.75, 15.25], "texture": "#0"},
				"west": {"uv": [2.75, 15.5, 3, 15.75], "texture": "#0"},
				"up": {"uv": [3.75, 15.25, 4, 15.5], "texture": "#0"},
				"down": {"uv": [2.75, 15.25, 3, 15.5], "texture": "#0"}
			}
		},
		{
			"from": [10, 11, 6],
			"to": [11, 12, 10],
			"faces": {
				"north": {"uv": [3.5, 15, 3.75, 15.25], "texture": "#0"},
				"east": {"uv": [3.25, 14.75, 3.5, 15], "texture": "#0"},
				"south": {"uv": [3.5, 15, 3.75, 15.25], "texture": "#0"},
				"west": {"uv": [2.75, 15.5, 3, 15.75], "texture": "#0"},
				"up": {"uv": [3.75, 15.25, 4, 15.5], "texture": "#0"},
				"down": {"uv": [2.75, 15.25, 3, 15.5], "texture": "#0"}
			}
		},
		{
			"from": [10, 13, 6],
			"to": [11, 14, 10],
			"faces": {
				"north": {"uv": [3.5, 15, 3.75, 15.25], "texture": "#0"},
				"east": {"uv": [3.25, 14.75, 3.5, 15], "texture": "#0"},
				"south": {"uv": [3.5, 15, 3.75, 15.25], "texture": "#0"},
				"west": {"uv": [2.75, 15.5, 3, 15.75], "texture": "#0"},
				"up": {"uv": [3.75, 15.25, 4, 15.5], "texture": "#0"},
				"down": {"uv": [2.75, 15.25, 3, 15.5], "texture": "#0"}
			}
		},
		{
			"from": [10, 15, 4],
			"to": [11, 16, 10],
			"faces": {
				"north": {"uv": [3.5, 15, 3.75, 15.25], "texture": "#0"},
				"east": {"uv": [3.25, 14.75, 3.5, 15], "texture": "#0"},
				"south": {"uv": [3.5, 15, 3.75, 15.25], "texture": "#0"},
				"west": {"uv": [2.75, 15.5, 3, 15.75], "texture": "#0"},
				"up": {"uv": [3.75, 15.25, 4, 15.5], "texture": "#0"},
				"down": {"uv": [2.75, 15.25, 3, 15.5], "texture": "#0"}
			}
		},
		{
			"from": [12, 15, 4],
			"to": [13, 16, 13],
			"faces": {
				"north": {"uv": [3.5, 15, 3.75, 15.25], "texture": "#0"},
				"east": {"uv": [3.25, 14.75, 3.5, 15], "texture": "#0"},
				"south": {"uv": [3.5, 15, 3.75, 15.25], "texture": "#0"},
				"west": {"uv": [2.75, 15.5, 3, 15.75], "texture": "#0"},
				"up": {"uv": [3.75, 15.25, 4, 15.5], "texture": "#0"},
				"down": {"uv": [2.75, 15.25, 3, 15.5], "texture": "#0"}
			}
		},
		{
			"from": [3, 15, 3],
			"to": [13, 16, 4],
			"faces": {
				"north": {"uv": [3.25, 14.75, 3.5, 15], "texture": "#0"},
				"east": {"uv": [3.5, 15, 3.75, 15.25], "texture": "#0"},
				"south": {"uv": [2.75, 15.5, 3, 15.75], "texture": "#0"},
				"west": {"uv": [3.5, 15, 3.75, 15.25], "texture": "#0"},
				"up": {"uv": [3.75, 15.25, 4, 15.5], "rotation": 270, "texture": "#0"},
				"down": {"uv": [2.75, 15.25, 3, 15.5], "rotation": 90, "texture": "#0"}
			}
		},
		{
			"from": [8, 15, 13],
			"to": [13, 16, 14],
			"faces": {
				"north": {"uv": [3.25, 14.75, 3.5, 15], "texture": "#0"},
				"east": {"uv": [3.5, 15, 3.75, 15.25], "texture": "#0"},
				"south": {"uv": [2.75, 15.5, 3, 15.75], "texture": "#0"},
				"west": {"uv": [3.5, 15, 3.75, 15.25], "texture": "#0"},
				"up": {"uv": [3.75, 15.25, 4, 15.5], "rotation": 270, "texture": "#0"},
				"down": {"uv": [2.75, 15.25, 3, 15.5], "rotation": 90, "texture": "#0"}
			}
		},
		{
			"from": [3, 12, 3],
			"to": [4, 15, 4],
			"faces": {
				"north": {"uv": [3.25, 14.75, 3.5, 15], "texture": "#0"},
				"east": {"uv": [3.5, 15, 3.75, 15.25], "texture": "#0"},
				"south": {"uv": [2.75, 15.5, 3, 15.75], "texture": "#0"},
				"west": {"uv": [3.5, 15, 3.75, 15.25], "texture": "#0"},
				"up": {"uv": [3.75, 15.25, 4, 15.5], "rotation": 270, "texture": "#0"},
				"down": {"uv": [2.75, 15.25, 3, 15.5], "rotation": 90, "texture": "#0"}
			}
		},
		{
			"from": [8, 12, 13],
			"to": [9, 15, 14],
			"faces": {
				"north": {"uv": [3.25, 14.75, 3.5, 15], "texture": "#0"},
				"east": {"uv": [3.5, 15, 3.75, 15.25], "texture": "#0"},
				"south": {"uv": [2.75, 15.5, 3, 15.75], "texture": "#0"},
				"west": {"uv": [3.5, 15, 3.75, 15.25], "texture": "#0"},
				"up": {"uv": [3.75, 15.25, 4, 15.5], "rotation": 270, "texture": "#0"},
				"down": {"uv": [2.75, 15.25, 3, 15.5], "rotation": 90, "texture": "#0"}
			}
		},
		{
			"from": [12, 12, 3],
			"to": [13, 15, 4],
			"faces": {
				"north": {"uv": [3.25, 14.75, 3.5, 15], "texture": "#0"},
				"east": {"uv": [3.5, 15, 3.75, 15.25], "texture": "#0"},
				"south": {"uv": [2.75, 15.5, 3, 15.75], "texture": "#0"},
				"west": {"uv": [3.5, 15, 3.75, 15.25], "texture": "#0"},
				"up": {"uv": [3.75, 15.25, 4, 15.5], "rotation": 270, "texture": "#0"},
				"down": {"uv": [2.75, 15.25, 3, 15.5], "rotation": 90, "texture": "#0"}
			}
		},
		{
			"from": [5, 11, 7],
			"to": [6, 12, 10],
			"faces": {
				"north": {"uv": [3.5, 15, 3.75, 15.25], "texture": "#0"},
				"east": {"uv": [3.25, 14.75, 3.5, 15], "texture": "#0"},
				"south": {"uv": [3.5, 15, 3.75, 15.25], "texture": "#0"},
				"west": {"uv": [2.75, 15.5, 3, 15.75], "texture": "#0"},
				"up": {"uv": [3.75, 15.25, 4, 15.5], "texture": "#0"},
				"down": {"uv": [2.75, 15.25, 3, 15.5], "texture": "#0"}
			}
		},
		{
			"from": [5, 13, 6],
			"to": [6, 14, 10],
			"faces": {
				"north": {"uv": [3.5, 15, 3.75, 15.25], "texture": "#0"},
				"east": {"uv": [3.25, 14.75, 3.5, 15], "texture": "#0"},
				"south": {"uv": [3.5, 15, 3.75, 15.25], "texture": "#0"},
				"west": {"uv": [2.75, 15.5, 3, 15.75], "texture": "#0"},
				"up": {"uv": [3.75, 15.25, 4, 15.5], "texture": "#0"},
				"down": {"uv": [2.75, 15.25, 3, 15.5], "texture": "#0"}
			}
		},
		{
			"from": [5, 15, 6],
			"to": [6, 16, 10],
			"faces": {
				"north": {"uv": [3.5, 15, 3.75, 15.25], "texture": "#0"},
				"east": {"uv": [3.25, 14.75, 3.5, 15], "texture": "#0"},
				"south": {"uv": [3.5, 15, 3.75, 15.25], "texture": "#0"},
				"west": {"uv": [2.75, 15.5, 3, 15.75], "texture": "#0"},
				"up": {"uv": [3.75, 15.25, 4, 15.5], "texture": "#0"},
				"down": {"uv": [2.75, 15.25, 3, 15.5], "texture": "#0"}
			}
		},
		{
			"from": [6, 11, 10],
			"to": [10, 12, 11],
			"faces": {
				"north": {"uv": [3.5, 15, 3.75, 15.25], "texture": "#0"},
				"east": {"uv": [3.25, 14.75, 3.5, 15], "texture": "#0"},
				"south": {"uv": [3.5, 15, 3.75, 15.25], "texture": "#0"},
				"west": {"uv": [2.75, 15.5, 3, 15.75], "texture": "#0"},
				"up": {"uv": [3.75, 15.25, 4, 15.5], "texture": "#0"},
				"down": {"uv": [2.75, 15.25, 3, 15.5], "texture": "#0"}
			}
		},
		{
			"from": [6, 13, 10],
			"to": [10, 14, 11],
			"faces": {
				"north": {"uv": [3.5, 15, 3.75, 15.25], "texture": "#0"},
				"east": {"uv": [3.25, 14.75, 3.5, 15], "texture": "#0"},
				"south": {"uv": [3.5, 15, 3.75, 15.25], "texture": "#0"},
				"west": {"uv": [2.75, 15.5, 3, 15.75], "texture": "#0"},
				"up": {"uv": [3.75, 15.25, 4, 15.5], "texture": "#0"},
				"down": {"uv": [2.75, 15.25, 3, 15.5], "texture": "#0"}
			}
		},
		{
			"from": [6, 15, 10],
			"to": [10, 16, 11],
			"faces": {
				"north": {"uv": [3.5, 15, 3.75, 15.25], "texture": "#0"},
				"east": {"uv": [3.25, 14.75, 3.5, 15], "texture": "#0"},
				"south": {"uv": [3.5, 15, 3.75, 15.25], "texture": "#0"},
				"west": {"uv": [2.75, 15.5, 3, 15.75], "texture": "#0"},
				"up": {"uv": [3.75, 15.25, 4, 15.5], "texture": "#0"},
				"down": {"uv": [2.75, 15.25, 3, 15.5], "texture": "#0"}
			}
		},
		{
			"from": [7, 11, 5],
			"to": [10, 12, 6],
			"faces": {
				"north": {"uv": [3.5, 15, 3.75, 15.25], "texture": "#0"},
				"east": {"uv": [3.25, 14.75, 3.5, 15], "texture": "#0"},
				"south": {"uv": [3.5, 15, 3.75, 15.25], "texture": "#0"},
				"west": {"uv": [2.75, 15.5, 3, 15.75], "texture": "#0"},
				"up": {"uv": [3.75, 15.25, 4, 15.5], "texture": "#0"},
				"down": {"uv": [2.75, 15.25, 3, 15.5], "texture": "#0"}
			}
		},
		{
			"from": [8, 13, 5],
			"to": [10, 14, 6],
			"faces": {
				"north": {"uv": [3.5, 15, 3.75, 15.25], "texture": "#0"},
				"east": {"uv": [3.25, 14.75, 3.5, 15], "texture": "#0"},
				"south": {"uv": [3.5, 15, 3.75, 15.25], "texture": "#0"},
				"west": {"uv": [2.75, 15.5, 3, 15.75], "texture": "#0"},
				"up": {"uv": [3.75, 15.25, 4, 15.5], "texture": "#0"},
				"down": {"uv": [2.75, 15.25, 3, 15.5], "texture": "#0"}
			}
		},
		{
			"from": [6, 1, 8],
			"to": [10, 5, 8],
			"faces": {
				"north": {"uv": [4.75, 14.75, 5.75, 15.75], "texture": "#0"},
				"east": {"uv": [0, 0, 0, 3], "texture": "#missing"},
				"south": {"uv": [4.75, 14.75, 5.75, 15.75], "texture": "#0"},
				"west": {"uv": [0, 0, 0, 3], "texture": "#missing"},
				"up": {"uv": [0, 0, 5, 0], "texture": "#missing"},
				"down": {"uv": [0, 0, 5, 0], "texture": "#missing"}
			}
		},
		{
			"from": [8, 1, 6],
			"to": [8, 5, 10],
			"faces": {
				"north": {"uv": [0, 0, 0, 3], "texture": "#missing"},
				"east": {"uv": [4.75, 14.75, 5.75, 15.75], "texture": "#0"},
				"south": {"uv": [0, 0, 0, 3], "texture": "#missing"},
				"west": {"uv": [4.75, 14.75, 5.75, 15.75], "texture": "#0"},
				"up": {"uv": [0, 0, 5, 0], "rotation": 270, "texture": "#missing"},
				"down": {"uv": [0, 0, 5, 0], "rotation": 90, "texture": "#missing"}
			}
		},
		{
			"from": [7, 10, 7],
			"to": [9, 19, 9],
			"faces": {
				"north": {"uv": [7.25, 12.75, 7.75, 15.5], "texture": "#0"},
				"east": {"uv": [7.25, 12.5, 7.75, 15.25], "texture": "#0"},
				"south": {"uv": [7.25, 13, 7.75, 15.75], "texture": "#0"},
				"west": {"uv": [7.25, 12.75, 7.75, 15.5], "texture": "#0"},
				"up": {"uv": [7.25, 12.5, 7.75, 13], "texture": "#0"},
				"down": {"uv": [7.25, 12.5, 7.75, 13], "texture": "#0"}
			}
		},
		{
			"from": [2, 1, 12],
			"to": [3, 7, 13],
			"faces": {
				"north": {"uv": [15.5, 0.25, 15.75, 1.75], "texture": "#0"},
				"east": {"uv": [15.5, 0.25, 15.75, 1.75], "texture": "#0"},
				"south": {"uv": [15.5, 0.25, 15.75, 1.75], "texture": "#0"},
				"west": {"uv": [15.5, 0.25, 15.75, 1.75], "texture": "#0"},
				"up": {"uv": [15.5, 0.5, 15.75, 1], "texture": "#0"},
				"down": {"uv": [15.5, 1.5, 15.75, 1.75], "texture": "#0"}
			}
		},
		{
			"from": [2, 1, 10],
			"to": [3, 7, 11],
			"faces": {
				"north": {"uv": [15, 0.25, 15.25, 1.75], "texture": "#0"},
				"east": {"uv": [15, 0.25, 15.25, 1.75], "texture": "#0"},
				"south": {"uv": [15, 0.25, 15.25, 1.75], "texture": "#0"},
				"west": {"uv": [15, 0.25, 15.25, 1.75], "texture": "#0"},
				"up": {"uv": [15.5, 0.5, 15.75, 1], "texture": "#0"},
				"down": {"uv": [15, 1.5, 15.25, 1.75], "texture": "#0"}
			}
		},
		{
			"from": [1, 3, 9],
			"to": [4, 4, 14],
			"faces": {
				"north": {"uv": [13, 2.25, 13.75, 2.5], "texture": "#0"},
				"east": {"uv": [13, 0.25, 14.25, 0.5], "texture": "#0"},
				"south": {"uv": [13.5, 2.5, 14.25, 2.75], "texture": "#0"},
				"west": {"uv": [12.75, 0.5, 14, 0.75], "texture": "#0"},
				"up": {"uv": [12.5, 0.25, 13.25, 1.5], "texture": "#0"},
				"down": {"uv": [12.5, 0.25, 13.25, 1.5], "texture": "#0"}
			}
		},
		{
			"from": [1, 3, 8],
			"to": [2, 4, 9],
			"faces": {
				"north": {"uv": [12.5, 2.5, 12.75, 2.75], "texture": "#0"},
				"east": {"uv": [14, 2.5, 14.25, 2.75], "texture": "#0"},
				"south": {"uv": [12.5, 2.25, 12.75, 2.5], "texture": "#0"},
				"west": {"uv": [13, 1.75, 13.25, 2], "texture": "#0"},
				"up": {"uv": [13.5, 0.75, 13.75, 1], "texture": "#0"},
				"down": {"uv": [13, 2.5, 13.25, 2.75], "texture": "#0"}
			}
		},
		{
			"from": [3, 3, 8],
			"to": [4, 4, 9],
			"faces": {
				"north": {"uv": [12.5, 2.5, 12.75, 2.75], "texture": "#0"},
				"east": {"uv": [14, 2.5, 14.25, 2.75], "texture": "#0"},
				"south": {"uv": [12.5, 2.25, 12.75, 2.5], "texture": "#0"},
				"west": {"uv": [13, 1.75, 13.25, 2], "texture": "#0"},
				"up": {"uv": [13, 1.25, 13.25, 1.5], "texture": "#0"},
				"down": {"uv": [13, 2.5, 13.25, 2.75], "texture": "#0"}
			}
		},
		{
			"from": [1, 3, 7],
			"to": [4, 4, 8],
			"faces": {
				"north": {"uv": [12.5, 2.5, 12.75, 2.75], "texture": "#0"},
				"east": {"uv": [14, 2.5, 14.25, 2.75], "texture": "#0"},
				"south": {"uv": [12.5, 2.25, 12.75, 2.5], "texture": "#0"},
				"west": {"uv": [13, 1.75, 13.25, 2], "texture": "#0"},
				"up": {"uv": [13, 1.25, 13.75, 1.5], "texture": "#0"},
				"down": {"uv": [13, 2.5, 13.25, 2.75], "texture": "#0"}
			}
		},
		{
			"from": [1, 1, 6],
			"to": [2, 5, 7],
			"faces": {
				"north": {"uv": [13, 1.75, 13.25, 2.75], "texture": "#0"},
				"east": {"uv": [14, 1.75, 14.25, 2.75], "texture": "#0"},
				"south": {"uv": [12.5, 1.75, 12.75, 2.75], "texture": "#0"},
				"west": {"uv": [13, 1.75, 13.25, 2.75], "texture": "#0"},
				"up": {"uv": [13, 1.25, 13.25, 1.5], "texture": "#0"},
				"down": {"uv": [13, 2.5, 13.25, 2.75], "texture": "#0"}
			}
		},
		{
			"from": [3, 1, 6],
			"to": [4, 5, 7],
			"faces": {
				"north": {"uv": [12.5, 1.75, 12.75, 2.75], "texture": "#0"},
				"east": {"uv": [14, 1.75, 14.25, 2.75], "texture": "#0"},
				"south": {"uv": [12.5, 1.75, 12.75, 2.75], "texture": "#0"},
				"west": {"uv": [14.75, 1.75, 15, 2.75], "texture": "#0"},
				"up": {"uv": [13, 1.25, 13.25, 1.5], "texture": "#0"},
				"down": {"uv": [13, 2.5, 13.25, 2.75], "texture": "#0"}
			}
		},
		{
			"from": [3, 1, 14],
			"to": [4, 5, 15],
			"faces": {
				"north": {"uv": [12.5, 1.75, 12.75, 2.75], "texture": "#0"},
				"east": {"uv": [14, 1.75, 14.25, 2.75], "texture": "#0"},
				"south": {"uv": [13, 1.25, 13.25, 2.25], "texture": "#0"},
				"west": {"uv": [14.5, 1.75, 14.75, 2.75], "texture": "#0"},
				"up": {"uv": [13, 1.25, 13.25, 1.5], "texture": "#0"},
				"down": {"uv": [13, 2.5, 13.25, 2.75], "texture": "#0"}
			}
		},
		{
			"from": [1, 1, 14],
			"to": [2, 5, 15],
			"faces": {
				"north": {"uv": [12.5, 1.75, 12.75, 2.75], "texture": "#0"},
				"east": {"uv": [14, 1.75, 14.25, 2.75], "texture": "#0"},
				"south": {"uv": [12.5, 1.75, 12.75, 2.75], "texture": "#0"},
				"west": {"uv": [13.25, 1.75, 13.5, 2.75], "texture": "#0"},
				"up": {"uv": [13, 1.25, 13.25, 1.5], "texture": "#0"},
				"down": {"uv": [13, 2.5, 13.25, 2.75], "texture": "#0"}
			}
		}
	],
	"groups": [
		{
			"name": "Stand",
			"origin": [8, 8, 8],
			"children": [0, 1, 2, 3, 4, 5, 6, 7, 8, 9, 10, 11, 12, 13, 14, 15, 16, 17, 18, 19, 20, 21, 22, 23, 24, 25, 26, 27, 28, 29, 30, 31, 32, 33]
		}, 34, 35, 36, 37, 38, 39, 40, 41, 42, 43, 44]
}