{
	"credit": "Made with Blockbench",
	"textures": {
		"0": "block/brewing_stand_3d",
		"particle": "block/brewing_stand_3d"
	},
	"elements": [
		{
			"from": [7, 6, 13],
			"to": [9, 7, 15],
			"rotation": {"angle": 0, "axis": "y", "origin": [11, 11, 16]},
			"faces": {
				"north": {"uv": [0.5, 1.5, 1, 1.75], "texture": "#0"},
				"east": {"uv": [0.5, 1.5, 1, 1.75], "texture": "#0"},
				"south": {"uv": [0.5, 1.5, 1, 1.75], "texture": "#0"},
				"west": {"uv": [0.5, 1.5, 1, 1.75], "texture": "#0"},
				"up": {"uv": [1.5, 1, 2, 1.5], "texture": "#0"},
				"down": {"uv": [1.5, 1, 2, 1.5], "texture": "#0"}
			}
		},
		{
			"from": [7, 7, 13],
			"to": [9, 9, 15],
			"rotation": {"angle": 0, "axis": "y", "origin": [11, 11, 16]},
			"faces": {
				"north": {"uv": [1.5, 1, 2, 1.5], "texture": "#0"},
				"east": {"uv": [1.5, 1, 2, 1.5], "texture": "#0"},
				"south": {"uv": [1.5, 1, 2, 1.5], "texture": "#0"},
				"west": {"uv": [1.5, 1, 2, 1.5], "texture": "#0"},
				"up": {"uv": [1.5, 1, 2, 1.5], "texture": "#0"},
				"down": {"uv": [1.5, 1, 2, 1.5], "texture": "#0"}
			}
		},
		{
			"from": [7, 7, 12],
			"to": [9, 10, 13],
			"rotation": {"angle": 0, "axis": "y", "origin": [11, 11, 16]},
			"faces": {
				"north": {"uv": [0.5, 0.75, 1, 1.5], "texture": "#0"},
				"east": {"uv": [0.25, 0.75, 0.5, 1.5], "texture": "#0"},
				"south": {"uv": [0.5, 0.75, 1, 1.5], "texture": "#0"},
				"west": {"uv": [1, 0.75, 1.25, 1.5], "texture": "#0"},
				"up": {"uv": [0.5, 0.5, 1, 0.75], "texture": "#0"},
				"down": {"uv": [0.5, 1.5, 1, 1.75], "texture": "#0"}
			}
		},
		{
			"from": [7, 7, 15],
			"to": [9, 10, 16],
			"rotation": {"angle": 0, "axis": "y", "origin": [11, 11, 16]},
			"faces": {
				"north": {"uv": [0.5, 0.75, 1, 1.5], "texture": "#0"},
				"east": {"uv": [0.25, 0.75, 0.5, 1.5], "texture": "#0"},
				"south": {"uv": [0.5, 0.75, 1, 1.5], "texture": "#0"},
				"west": {"uv": [1, 0.75, 1.25, 1.5], "texture": "#0"},
				"up": {"uv": [0.5, 0.5, 1, 0.75], "texture": "#0"},
				"down": {"uv": [0.5, 1.5, 1, 1.75], "texture": "#0"}
			}
		},
		{
			"from": [6, 7, 13],
			"to": [7, 10, 15],
			"rotation": {"angle": 0, "axis": "y", "origin": [11, 11, 16]},
			"faces": {
				"north": {"uv": [0.25, 0.75, 0.5, 1.5], "texture": "#0"},
				"east": {"uv": [0.5, 0.75, 1, 1.5], "texture": "#0"},
				"south": {"uv": [1, 0.75, 1.25, 1.5], "texture": "#0"},
				"west": {"uv": [0.5, 0.75, 1, 1.5], "texture": "#0"},
				"up": {"uv": [0.5, 0.5, 1, 0.75], "texture": "#0"},
				"down": {"uv": [0.5, 1.5, 1, 1.75], "texture": "#0"}
			}
		},
		{
			"from": [9, 7, 13],
			"to": [10, 10, 15],
			"rotation": {"angle": 0, "axis": "y", "origin": [11, 11, 16]},
			"faces": {
				"north": {"uv": [0.25, 0.75, 0.5, 1.5], "texture": "#0"},
				"east": {"uv": [0.5, 0.75, 1, 1.5], "texture": "#0"},
				"south": {"uv": [1, 0.75, 1.25, 1.5], "texture": "#0"},
				"west": {"uv": [0.5, 0.75, 1, 1.5], "texture": "#0"},
				"up": {"uv": [0.5, 0.5, 1, 0.75], "texture": "#0"},
				"down": {"uv": [0.5, 1.5, 1, 1.75], "texture": "#0"}
			}
		},
		{
			"from": [7, 10, 13],
			"to": [9, 12, 15],
			"rotation": {"angle": 0, "axis": "y", "origin": [11, 11, 16]},
			"faces": {
				"north": {"uv": [0.5, 0.25, 1, 0.75], "texture": "#0"},
				"east": {"uv": [0.5, 0.25, 1, 0.75], "texture": "#0"},
				"south": {"uv": [0.5, 0.25, 1, 0.75], "texture": "#0"},
				"west": {"uv": [0.5, 0.25, 1, 0.75], "texture": "#0"},
				"up": {"uv": [1, 0.25, 1.5, 0.75], "texture": "#0"},
				"down": {"uv": [0, 0, 2, 2], "texture": "#missing"}
			}
		}
	],
	"groups": [
		{
			"name": "Bottle0",
			"origin": [8, 8, 8],
			"children": [0, 1, 2, 3, 4, 5, 6]
		}
	]
}