{
	"credit": "Made with Blockbench",
	"textures": {
		"0": "block/cactus_3d",
		"particle": "block/cactus"
	},
	"elements": [
		{
			"from": [1, 0, 1],
			"to": [15, 16, 15],
			"faces": {
				"north": {"uv": [0, 0, 3.5, 4], "texture": "#0"},
				"east": {"uv": [3.75, 0, 7.25, 4], "texture": "#0"},
				"south": {"uv": [7.5, 0, 11, 4], "texture": "#0"},
				"west": {"uv": [11.25, 0, 14.75, 4], "texture": "#0"},
				"up": {"uv": [11.25, 4.25, 14.75, 7.75], "texture": "#0"},
				"down": {"uv": [11.25, 4.25, 14.75, 7.75], "texture": "#0"}
			}
		},
		{
			"from": [0, 6, 9],
			"to": [1, 7, 10],
			"faces": {
				"north": {"uv": [0.25, 6, 0.5, 6.25], "texture": "#0"},
				"east": {"uv": [0.5, 6.75, 0.75, 7], "texture": "#0"},
				"south": {"uv": [1, 6, 1.25, 6.25], "texture": "#0"},
				"west": {"uv": [1, 6, 1.25, 6.25], "texture": "#0"},
				"up": {"uv": [0, 6, 0.25, 6.25], "texture": "#0"},
				"down": {"uv": [0.75, 6.5, 1, 6.75], "texture": "#0"}
			}
		},
		{
			"from": [0, 13, 2],
			"to": [1, 14, 3],
			"faces": {
				"north": {"uv": [0.25, 6, 0.5, 6.25], "texture": "#0"},
				"east": {"uv": [0.5, 6.75, 0.75, 7], "texture": "#0"},
				"south": {"uv": [1, 6, 1.25, 6.25], "texture": "#0"},
				"west": {"uv": [1.5, 6.5, 2.75, 6.75], "texture": "#0"},
				"up": {"uv": [0, 6, 0.25, 6.25], "texture": "#0"},
				"down": {"uv": [0.75, 6.5, 1, 6.75], "texture": "#0"}
			}
		},
		{
			"from": [0, 1, 2],
			"to": [1, 2, 3],
			"faces": {
				"north": {"uv": [0.25, 6, 0.5, 6.25], "texture": "#0"},
				"east": {"uv": [0.5, 6.75, 0.75, 7], "texture": "#0"},
				"south": {"uv": [1, 6, 1.25, 6.25], "texture": "#0"},
				"west": {"uv": [1.75, 6.25, 2, 6.5], "texture": "#0"},
				"up": {"uv": [0, 6, 0.25, 6.25], "texture": "#0"},
				"down": {"uv": [0.75, 6.5, 1, 6.75], "texture": "#0"}
			}
		},
		{
			"from": [0, 11, 12],
			"to": [1, 12, 13],
			"faces": {
				"north": {"uv": [0.25, 6, 0.5, 6.25], "texture": "#0"},
				"east": {"uv": [0.5, 6.75, 0.75, 7], "texture": "#0"},
				"south": {"uv": [1, 6, 1.25, 6.25], "texture": "#0"},
				"west": {"uv": [1.5, 6.25, 2.5, 6.5], "texture": "#0"},
				"up": {"uv": [0, 6, 0.25, 6.25], "texture": "#0"},
				"down": {"uv": [0.75, 6.5, 1, 6.75], "texture": "#0"}
			}
		},
		{
			"from": [0, 3, 13],
			"to": [1, 4, 14],
			"faces": {
				"north": {"uv": [0.25, 6, 0.5, 6.25], "texture": "#0"},
				"east": {"uv": [0.5, 6.75, 0.75, 7], "texture": "#0"},
				"south": {"uv": [1, 6, 1.25, 6.25], "texture": "#0"},
				"west": {"uv": [0.75, 6, 1, 6.25], "texture": "#0"},
				"up": {"uv": [0, 6, 0.25, 6.25], "texture": "#0"},
				"down": {"uv": [0.75, 6.5, 1, 6.75], "texture": "#0"}
			}
		},
		{
			"from": [8, 9, 15],
			"to": [9, 10, 16],
			"faces": {
				"north": {"uv": [0.5, 6.75, 0.75, 7], "rotation": 90, "texture": "#0"},
				"east": {"uv": [0.75, 6.5, 1, 6.75], "texture": "#0"},
				"south": {"uv": [1, 6, 1.25, 6.25], "rotation": 270, "texture": "#0"},
				"west": {"uv": [0, 6, 0.25, 6.25], "rotation": 180, "texture": "#0"},
				"up": {"uv": [1, 6, 1.25, 6.25], "rotation": 270, "texture": "#0"},
				"down": {"uv": [0.25, 6, 0.5, 6.25], "rotation": 270, "texture": "#0"}
			}
		},
		{
			"from": [1, 2, 15],
			"to": [2, 3, 16],
			"faces": {
				"north": {"uv": [0.5, 6.75, 0.75, 7], "rotation": 90, "texture": "#0"},
				"east": {"uv": [0.75, 6.5, 1, 6.75], "texture": "#0"},
				"south": {"uv": [1.5, 6.5, 2.75, 6.75], "rotation": 270, "texture": "#0"},
				"west": {"uv": [0, 6, 0.25, 6.25], "rotation": 180, "texture": "#0"},
				"up": {"uv": [1, 6, 1.25, 6.25], "rotation": 270, "texture": "#0"},
				"down": {"uv": [0.25, 6, 0.5, 6.25], "rotation": 270, "texture": "#0"}
			}
		},
		{
			"from": [13, 2, 15],
			"to": [14, 3, 16],
			"faces": {
				"north": {"uv": [0.5, 6.75, 0.75, 7], "rotation": 90, "texture": "#0"},
				"east": {"uv": [0.75, 6.5, 1, 6.75], "texture": "#0"},
				"south": {"uv": [1.75, 6.25, 2, 6.5], "rotation": 270, "texture": "#0"},
				"west": {"uv": [0, 6, 0.25, 6.25], "rotation": 180, "texture": "#0"},
				"up": {"uv": [1, 6, 1.25, 6.25], "rotation": 270, "texture": "#0"},
				"down": {"uv": [0.25, 6, 0.5, 6.25], "rotation": 270, "texture": "#0"}
			}
		},
		{
			"from": [3, 14, 15],
			"to": [4, 15, 16],
			"faces": {
				"north": {"uv": [0.5, 6.75, 0.75, 7], "rotation": 90, "texture": "#0"},
				"east": {"uv": [0.75, 6.5, 1, 6.75], "texture": "#0"},
				"south": {"uv": [1.5, 6.25, 2.5, 6.5], "rotation": 270, "texture": "#0"},
				"west": {"uv": [0, 6, 0.25, 6.25], "rotation": 180, "texture": "#0"},
				"up": {"uv": [1, 6, 1.25, 6.25], "rotation": 270, "texture": "#0"},
				"down": {"uv": [0.25, 6, 0.5, 6.25], "rotation": 270, "texture": "#0"}
			}
		},
		{
			"from": [11, 13, 15],
			"to": [12, 14, 16],
			"faces": {
				"north": {"uv": [0.5, 6.75, 0.75, 7], "rotation": 90, "texture": "#0"},
				"east": {"uv": [0.75, 6.5, 1, 6.75], "texture": "#0"},
				"south": {"uv": [0.75, 6, 1, 6.25], "rotation": 270, "texture": "#0"},
				"west": {"uv": [0, 6, 0.25, 6.25], "rotation": 180, "texture": "#0"},
				"up": {"uv": [1, 6, 1.25, 6.25], "rotation": 270, "texture": "#0"},
				"down": {"uv": [0.25, 6, 0.5, 6.25], "rotation": 270, "texture": "#0"}
			}
		},
		{
			"from": [15, 6, 6],
			"to": [16, 7, 7],
			"faces": {
				"north": {"uv": [1, 6, 1.25, 6.25], "texture": "#0"},
				"east": {"uv": [1, 6, 1.25, 6.25], "texture": "#0"},
				"south": {"uv": [0.25, 6, 0.5, 6.25], "texture": "#0"},
				"west": {"uv": [0.5, 6.75, 0.75, 7], "texture": "#0"},
				"up": {"uv": [0, 6, 0.25, 6.25], "rotation": 180, "texture": "#0"},
				"down": {"uv": [0.75, 6.5, 1, 6.75], "rotation": 180, "texture": "#0"}
			}
		},
		{
			"from": [15, 13, 13],
			"to": [16, 14, 14],
			"faces": {
				"north": {"uv": [1, 6, 1.25, 6.25], "texture": "#0"},
				"east": {"uv": [1.5, 6.5, 2.75, 6.75], "texture": "#0"},
				"south": {"uv": [0.25, 6, 0.5, 6.25], "texture": "#0"},
				"west": {"uv": [0.5, 6.75, 0.75, 7], "texture": "#0"},
				"up": {"uv": [0, 6, 0.25, 6.25], "rotation": 180, "texture": "#0"},
				"down": {"uv": [0.75, 6.5, 1, 6.75], "rotation": 180, "texture": "#0"}
			}
		},
		{
			"from": [5, 16, 4.5],
			"to": [6, 17, 5.5],
			"faces": {
				"north": {"uv": [1, 6, 1.25, 6.25], "texture": "#0"},
				"east": {"uv": [1.75, 6.25, 2, 6.5], "texture": "#0"},
				"south": {"uv": [0.25, 6, 0.5, 6.25], "texture": "#0"},
				"west": {"uv": [0.5, 6.75, 0.75, 7], "texture": "#0"},
				"up": {"uv": [0, 6, 0.25, 6.25], "rotation": 180, "texture": "#0"},
				"down": {"uv": [0.75, 6.5, 1, 6.75], "rotation": 180, "texture": "#0"}
			}
		},
		{
			"from": [12, 16, 3],
			"to": [13, 17, 4],
			"faces": {
				"north": {"uv": [1, 6, 1.25, 6.25], "texture": "#0"},
				"east": {"uv": [1.5, 6.25, 2.5, 6.5], "texture": "#0"},
				"south": {"uv": [0.25, 6, 0.5, 6.25], "texture": "#0"},
				"west": {"uv": [0.5, 6.75, 0.75, 7], "texture": "#0"},
				"up": {"uv": [0, 6, 0.25, 6.25], "rotation": 180, "texture": "#0"},
				"down": {"uv": [0.75, 6.5, 1, 6.75], "rotation": 180, "texture": "#0"}
			}
		},
		{
			"from": [2.5, 16, 12.5],
			"to": [3.5, 17, 13.5],
			"faces": {
				"north": {"uv": [1, 6, 1.25, 6.25], "texture": "#0"},
				"east": {"uv": [1.5, 6.25, 2.5, 6.5], "texture": "#0"},
				"south": {"uv": [0.25, 6, 0.5, 6.25], "texture": "#0"},
				"west": {"uv": [0.5, 6.75, 0.75, 7], "texture": "#0"},
				"up": {"uv": [0, 6, 0.25, 6.25], "rotation": 180, "texture": "#0"},
				"down": {"uv": [0.75, 6.5, 1, 6.75], "rotation": 180, "texture": "#0"}
			}
		},
		{
			"from": [15, 3, 2],
			"to": [16, 4, 3],
			"faces": {
				"north": {"uv": [1, 6, 1.25, 6.25], "texture": "#0"},
				"east": {"uv": [0.75, 6, 1, 6.25], "texture": "#0"},
				"south": {"uv": [0.25, 6, 0.5, 6.25], "texture": "#0"},
				"west": {"uv": [0.5, 6.75, 0.75, 7], "texture": "#0"},
				"up": {"uv": [0, 6, 0.25, 6.25], "rotation": 180, "texture": "#0"},
				"down": {"uv": [0.75, 6.5, 1, 6.75], "rotation": 180, "texture": "#0"}
			}
		},
		{
			"from": [7, 9, 0],
			"to": [8, 10, 1],
			"faces": {
				"north": {"uv": [1, 6, 1.25, 6.25], "rotation": 270, "texture": "#0"},
				"east": {"uv": [0, 6, 0.25, 6.25], "rotation": 180, "texture": "#0"},
				"south": {"uv": [0.5, 6.75, 0.75, 7], "rotation": 90, "texture": "#0"},
				"west": {"uv": [0.75, 6.5, 1, 6.75], "texture": "#0"},
				"up": {"uv": [1, 6, 1.25, 6.25], "rotation": 90, "texture": "#0"},
				"down": {"uv": [0.25, 6, 0.5, 6.25], "rotation": 90, "texture": "#0"}
			}
		},
		{
			"from": [14, 2, 0],
			"to": [15, 3, 1],
			"faces": {
				"north": {"uv": [1.5, 6.5, 2.75, 6.75], "rotation": 270, "texture": "#0"},
				"east": {"uv": [0, 6, 0.25, 6.25], "rotation": 180, "texture": "#0"},
				"south": {"uv": [0.5, 6.75, 0.75, 7], "rotation": 90, "texture": "#0"},
				"west": {"uv": [0.75, 6.5, 1, 6.75], "texture": "#0"},
				"up": {"uv": [1, 6, 1.25, 6.25], "rotation": 90, "texture": "#0"},
				"down": {"uv": [0.25, 6, 0.5, 6.25], "rotation": 90, "texture": "#0"}
			}
		},
		{
			"from": [2, 2, 0],
			"to": [3, 3, 1],
			"faces": {
				"north": {"uv": [1.75, 6.25, 2, 6.5], "rotation": 270, "texture": "#0"},
				"east": {"uv": [0, 6, 0.25, 6.25], "rotation": 180, "texture": "#0"},
				"south": {"uv": [0.5, 6.75, 0.75, 7], "rotation": 90, "texture": "#0"},
				"west": {"uv": [0.75, 6.5, 1, 6.75], "texture": "#0"},
				"up": {"uv": [1, 6, 1.25, 6.25], "rotation": 90, "texture": "#0"},
				"down": {"uv": [0.25, 6, 0.5, 6.25], "rotation": 90, "texture": "#0"}
			}
		},
		{
			"from": [12, 12, 0],
			"to": [13, 13, 1],
			"faces": {
				"north": {"uv": [1.5, 6.25, 2.5, 6.5], "rotation": 270, "texture": "#0"},
				"east": {"uv": [0, 6, 0.25, 6.25], "rotation": 180, "texture": "#0"},
				"south": {"uv": [0.5, 6.75, 0.75, 7], "rotation": 90, "texture": "#0"},
				"west": {"uv": [0.75, 6.5, 1, 6.75], "texture": "#0"},
				"up": {"uv": [1, 6, 1.25, 6.25], "rotation": 90, "texture": "#0"},
				"down": {"uv": [0.25, 6, 0.5, 6.25], "rotation": 90, "texture": "#0"}
			}
		},
		{
			"from": [5, 14, 0],
			"to": [6, 15, 1],
			"faces": {
				"north": {"uv": [0.75, 6, 1, 6.25], "rotation": 270, "texture": "#0"},
				"east": {"uv": [0, 6, 0.25, 6.25], "rotation": 180, "texture": "#0"},
				"south": {"uv": [0.5, 6.75, 0.75, 7], "rotation": 90, "texture": "#0"},
				"west": {"uv": [0.75, 6.5, 1, 6.75], "texture": "#0"},
				"up": {"uv": [1, 6, 1.25, 6.25], "rotation": 90, "texture": "#0"},
				"down": {"uv": [0.25, 6, 0.5, 6.25], "rotation": 90, "texture": "#0"}
			}
		},
		{
			"from": [-1, 8, 4],
			"to": [1, 9, 5],
			"faces": {
				"north": {"uv": [0.25, 6, 0.75, 6.25], "texture": "#0"},
				"east": {"uv": [0.5, 6.75, 0.75, 7], "texture": "#0"},
				"south": {"uv": [0.75, 6, 1.25, 6.25], "texture": "#0"},
				"west": {"uv": [2.25, 6.75, 2.75, 7], "texture": "#0"},
				"up": {"uv": [0, 6, 0.5, 6.25], "texture": "#0"},
				"down": {"uv": [0.5, 6.5, 1, 6.75], "texture": "#0"}
			}
		},
		{
			"from": [-1, 1, 8],
			"to": [1, 2, 9],
			"faces": {
				"north": {"uv": [0.25, 6, 0.75, 6.25], "texture": "#0"},
				"east": {"uv": [0.5, 6.75, 0.75, 7], "texture": "#0"},
				"south": {"uv": [0.75, 6, 1.25, 6.25], "texture": "#0"},
				"west": {"uv": [1.5, 6.5, 2.25, 6.75], "texture": "#0"},
				"up": {"uv": [0, 6, 0.5, 6.25], "texture": "#0"},
				"down": {"uv": [0.5, 6.5, 1, 6.75], "texture": "#0"}
			}
		},
		{
			"from": [-1, 13, 5.5],
			"to": [1, 14, 6.5],
			"faces": {
				"north": {"uv": [1.5, 6.25, 2.25, 6.5], "texture": "#0"},
				"east": {"uv": [0.5, 6.75, 0.75, 7], "texture": "#0"},
				"south": {"uv": [1.25, 6, 2, 6.25], "texture": "#0"},
				"west": {"uv": [0.75, 6, 1, 6.25], "texture": "#0"},
				"up": {"uv": [0, 6, 0.5, 6.25], "texture": "#0"},
				"down": {"uv": [0.5, 6.5, 1, 6.75], "texture": "#0"}
			}
		},
		{
			"from": [7, 16, 7.5],
			"to": [8, 18, 8.5],
			"faces": {
				"north": {"uv": [0.75, 6, 1.25, 6.25], "rotation": 90, "texture": "#0"},
				"east": {"uv": [0.5, 6.5, 1, 6.75], "rotation": 90, "texture": "#0"},
				"south": {"uv": [0.25, 6, 0.75, 6.25], "rotation": 270, "texture": "#0"},
				"west": {"uv": [0, 6, 0.5, 6.25], "rotation": 90, "texture": "#0"},
				"up": {"uv": [2.25, 6.75, 2.75, 7], "rotation": 270, "texture": "#0"},
				"down": {"uv": [0.5, 6.75, 0.75, 7], "rotation": 270, "texture": "#0"}
			}
		},
		{
			"from": [13, 16, 12.5],
			"to": [14, 18, 13.5],
			"faces": {
				"north": {"uv": [0.75, 6, 1.25, 6.25], "rotation": 270, "texture": "#0"},
				"east": {"uv": [0, 6, 0.5, 6.25], "rotation": 270, "texture": "#0"},
				"south": {"uv": [0.25, 6, 0.75, 6.25], "rotation": 90, "texture": "#0"},
				"west": {"uv": [0.5, 6.5, 1, 6.75], "rotation": 270, "texture": "#0"},
				"up": {"uv": [0.5, 6.75, 0.75, 7], "rotation": 90, "texture": "#0"},
				"down": {"uv": [1.5, 6.5, 2.25, 6.75], "rotation": 90, "texture": "#0"}
			}
		},
		{
			"from": [2, 8, 15],
			"to": [3, 9, 17],
			"faces": {
				"north": {"uv": [0.5, 6.75, 0.75, 7], "rotation": 90, "texture": "#0"},
				"east": {"uv": [0.5, 6.5, 1, 6.75], "texture": "#0"},
				"south": {"uv": [0.75, 6, 1, 6.25], "rotation": 270, "texture": "#0"},
				"west": {"uv": [0, 6, 0.5, 6.25], "rotation": 180, "texture": "#0"},
				"up": {"uv": [1.25, 6, 2, 6.25], "rotation": 270, "texture": "#0"},
				"down": {"uv": [1.5, 6.25, 2.25, 6.5], "rotation": 270, "texture": "#0"}
			}
		},
		{
			"from": [15, 8, 11],
			"to": [17, 9, 12],
			"faces": {
				"north": {"uv": [0.75, 6, 1.25, 6.25], "texture": "#0"},
				"east": {"uv": [2.25, 6.75, 2.75, 7], "texture": "#0"},
				"south": {"uv": [0.25, 6, 0.75, 6.25], "texture": "#0"},
				"west": {"uv": [0.5, 6.75, 0.75, 7], "texture": "#0"},
				"up": {"uv": [0, 6, 0.5, 6.25], "rotation": 180, "texture": "#0"},
				"down": {"uv": [0.5, 6.5, 1, 6.75], "rotation": 180, "texture": "#0"}
			}
		},
		{
			"from": [15, 1, 7],
			"to": [17, 2, 8],
			"faces": {
				"north": {"uv": [0.75, 6, 1.25, 6.25], "texture": "#0"},
				"east": {"uv": [1.5, 6.5, 2.25, 6.75], "texture": "#0"},
				"south": {"uv": [0.25, 6, 0.75, 6.25], "texture": "#0"},
				"west": {"uv": [0.5, 6.75, 0.75, 7], "texture": "#0"},
				"up": {"uv": [0, 6, 0.5, 6.25], "rotation": 180, "texture": "#0"},
				"down": {"uv": [0.5, 6.5, 1, 6.75], "rotation": 180, "texture": "#0"}
			}
		},
		{
			"from": [15, 14, 4],
			"to": [17, 15, 5],
			"faces": {
				"north": {"uv": [1.25, 6, 2, 6.25], "texture": "#0"},
				"east": {"uv": [0.75, 6, 1, 6.25], "texture": "#0"},
				"south": {"uv": [1.5, 6.25, 2.25, 6.5], "texture": "#0"},
				"west": {"uv": [0.5, 6.75, 0.75, 7], "texture": "#0"},
				"up": {"uv": [0, 6, 0.5, 6.25], "rotation": 180, "texture": "#0"},
				"down": {"uv": [0.5, 6.5, 1, 6.75], "rotation": 180, "texture": "#0"}
			}
		},
		{
			"from": [8, 4, -1],
			"to": [9, 5, 1],
			"faces": {
				"north": {"uv": [2.25, 6.75, 2.75, 7], "rotation": 270, "texture": "#0"},
				"east": {"uv": [0, 6, 0.5, 6.25], "rotation": 180, "texture": "#0"},
				"south": {"uv": [0.5, 6.75, 0.75, 7], "rotation": 90, "texture": "#0"},
				"west": {"uv": [0.5, 6.5, 1, 6.75], "texture": "#0"},
				"up": {"uv": [0.75, 6, 1.25, 6.25], "rotation": 90, "texture": "#0"},
				"down": {"uv": [0.25, 6, 0.75, 6.25], "rotation": 90, "texture": "#0"}
			}
		},
		{
			"from": [1, 10, -1],
			"to": [2, 11, 1],
			"faces": {
				"north": {"uv": [1.5, 6.5, 2.25, 6.75], "rotation": 270, "texture": "#0"},
				"east": {"uv": [0, 6, 0.5, 6.25], "rotation": 180, "texture": "#0"},
				"south": {"uv": [0.5, 6.75, 0.75, 7], "rotation": 90, "texture": "#0"},
				"west": {"uv": [0.5, 6.5, 1, 6.75], "texture": "#0"},
				"up": {"uv": [0.75, 6, 1.25, 6.25], "rotation": 90, "texture": "#0"},
				"down": {"uv": [0.25, 6, 0.75, 6.25], "rotation": 90, "texture": "#0"}
			}
		},
		{
			"from": [13, 8, -1],
			"to": [14, 9, 1],
			"faces": {
				"north": {"uv": [0.75, 6, 1, 6.25], "rotation": 270, "texture": "#0"},
				"east": {"uv": [0, 6, 0.5, 6.25], "rotation": 180, "texture": "#0"},
				"south": {"uv": [0.5, 6.75, 0.75, 7], "rotation": 90, "texture": "#0"},
				"west": {"uv": [0.5, 6.5, 1, 6.75], "texture": "#0"},
				"up": {"uv": [1.25, 6, 2, 6.25], "rotation": 90, "texture": "#0"},
				"down": {"uv": [1.5, 6.25, 2.25, 6.5], "rotation": 90, "texture": "#0"}
			}
		}
	],
	"display": {
		"thirdperson_righthand": {
			"rotation": [75, 45, 0],
			"translation": [0, 2.5, 0],
			"scale": [0.375, 0.375, 0.375]
		},
		"thirdperson_lefthand": {
			"rotation": [75, 45, 0],
			"translation": [0, 2.5, 0],
			"scale": [0.375, 0.375, 0.375]
		},
		"firstperson_righthand": {
			"rotation": [0, 45, 0],
			"scale": [0.4, 0.4, 0.4]
		},
		"firstperson_lefthand": {
			"rotation": [0, 225, 0],
			"scale": [0.4, 0.4, 0.4]
		},
		"ground": {
			"translation": [0, 3, 0],
			"scale": [0.25, 0.25, 0.25]
		},
		"gui": {
			"rotation": [30, 225, 0],
			"scale": [0.625, 0.625, 0.625]
		},
		"head": {
			"translation": [0, 1.5, 0]
		},
		"fixed": {
			"scale": [0.5, 0.5, 0.5]
		}
	},
	"groups": [0,
		{
			"name": "spikes_short",
			"origin": [8, 8, 8],
			"children": [1, 2, 3, 4, 5,
				{
					"name": "spikes_short",
					"origin": [8, 8, 8],
					"children": [6, 7, 8, 9, 10]
				},
				{
					"name": "spikes_short",
					"origin": [8, 8, 8],
					"children": [11, 12, 13, 14, 15, 16,
						{
							"name": "spikes_short",
							"origin": [8, 8, 8],
							"children": [17, 18, 19, 20, 21]
						}
					]
				}
			]
		},
		{
			"name": "spikes_long",
			"origin": [8, 8, 8],
			"children": [22, 23, 24,
				{
					"name": "spikes_long",
					"origin": [8, 8, 8],
					"children": [25, 26, 27]
				},
				{
					"name": "spikes_long",
					"origin": [8, 8, 8],
					"children": [28, 29, 30,
						{
							"name": "spikes_long",
							"origin": [8, 8, 8],
							"children": [31, 32, 33]
						}
					]
				}
			]
		}
	]
}