{
	"credit": "Made with Blockbench",
	"textures": {
		"0": "block/cake_bottom",
		"1": "block/cake_side",
		"2": "block/cake_top",
		"3": "block/cake_candle",
		"particle": "block/cake_bottom"
	},
	"elements": [
		{
			"name": "cake",
			"from": [1, 0, 1],
			"to": [15, 8, 15],
			"faces": {
				"north": {"uv": [1, 8, 15, 16], "texture": "#1"},
				"east": {"uv": [1, 8, 15, 16], "texture": "#1"},
				"south": {"uv": [1, 8, 15, 16], "texture": "#1"},
				"west": {"uv": [1, 8, 15, 16], "texture": "#1"},
				"up": {"uv": [1, 1, 15, 15], "texture": "#2"},
				"down": {"uv": [1, 1, 15, 15], "texture": "#0"}
			}
		},
		{
			"from": [9, 8, 11],
			"to": [10, 13, 12],
			"faces": {
				"north": {"uv": [4, 6, 5, 11], "texture": "#3"},
				"east": {"uv": [3, 6, 4, 11], "texture": "#3"},
				"south": {"uv": [4, 6, 5, 11], "texture": "#3"},
				"west": {"uv": [3, 6, 4, 11], "texture": "#3"},
				"up": {"uv": [3, 5, 4, 6], "texture": "#3"},
				"down": {"uv": [0, 0, 1, 1], "texture": "#3"}
			}
		},
		{
			"from": [4, 8, 4],
			"to": [5, 13, 5],
			"faces": {
				"north": {"uv": [6, 6, 7, 11], "texture": "#3"},
				"east": {"uv": [7, 6, 8, 11], "texture": "#3"},
				"south": {"uv": [6, 6, 7, 11], "texture": "#3"},
				"west": {"uv": [7, 6, 8, 11], "texture": "#3"},
				"up": {"uv": [6, 5, 7, 6], "texture": "#3"},
				"down": {"uv": [0, 0, 1, 1], "texture": "#3"}
			}
		},
		{
			"from": [11, 8, 5],
			"to": [12, 13, 6],
			"faces": {
				"north": {"uv": [10, 6, 11, 11], "texture": "#3"},
				"east": {"uv": [9, 6, 10, 11], "texture": "#3"},
				"south": {"uv": [10, 6, 11, 11], "texture": "#3"},
				"west": {"uv": [9, 6, 10, 11], "texture": "#3"},
				"up": {"uv": [9, 5, 10, 6], "texture": "#3"},
				"down": {"uv": [0, 0, 1, 1], "texture": "#3"}
			}
		}
	],
	"groups": [0,
		{
			"name": "candle1",
			"origin": [8, 8, 8],
			"children": [1]
		},
		{
			"name": "candle2",
			"origin": [8, 8, 8],
			"children": [2]
		},
		{
			"name": "candle3",
			"origin": [8, 8, 8],
			"children": [3]
		}
	]
}