{
	"credit": "Made with Blockbench",
	"textures": {
		"0": "block/cartography_table_3d",
		"particle": "block/cartography_table_3d"
	},
	"elements": [
		{
			"from": [0, 0, 0],
			"to": [16, 2, 16],
			"faces": {
				"north": {"uv": [0, 15.5, 4, 16], "texture": "#0"},
				"east": {"uv": [0, 15.5, 4, 16], "texture": "#0"},
				"south": {"uv": [0, 15.5, 4, 16], "texture": "#0"},
				"west": {"uv": [0, 15.5, 4, 16], "texture": "#0"},
				"up": {"uv": [0, 12, 4, 16], "texture": "#0"},
				"down": {"uv": [0, 12, 4, 16], "texture": "#0"}
			}
		},
		{
			"from": [0, 14, 0],
			"to": [16, 16, 16],
			"faces": {
				"north": {"uv": [4, 11.5, 8, 12], "texture": "#0"},
				"east": {"uv": [4, 11.5, 8, 12], "texture": "#0"},
				"south": {"uv": [4, 11.5, 8, 12], "texture": "#0"},
				"west": {"uv": [4, 11.5, 8, 12], "texture": "#0"},
				"up": {"uv": [4, 12, 8, 16], "texture": "#0"},
				"down": {"uv": [0, 12, 4, 16], "texture": "#0"}
			}
		},
		{
			"from": [0, 2, 14],
			"to": [2, 14, 16],
			"faces": {
				"north": {"uv": [9.5, 12.5, 10, 15.5], "texture": "#0"},
				"east": {"uv": [9, 12.5, 9.5, 15.5], "texture": "#0"},
				"south": {"uv": [8.5, 12.5, 9, 15.5], "texture": "#0"},
				"west": {"uv": [8, 12.5, 8.5, 15.5], "texture": "#0"},
				"up": {"uv": [0, 0, 2, 2], "texture": "#0"},
				"down": {"uv": [0, 0, 2, 2], "texture": "#0"}
			}
		},
		{
			"from": [14, 2, 14],
			"to": [16, 14, 16],
			"faces": {
				"north": {"uv": [9, 12.5, 9.5, 15.5], "texture": "#0"},
				"east": {"uv": [8.5, 12.5, 9, 15.5], "texture": "#0"},
				"south": {"uv": [8, 12.5, 8.5, 15.5], "texture": "#0"},
				"west": {"uv": [9.5, 12.5, 10, 15.5], "texture": "#0"},
				"up": {"uv": [0, 0, 2, 2], "texture": "#0"},
				"down": {"uv": [0, 0, 2, 2], "texture": "#0"}
			}
		},
		{
			"from": [0, 2, 0],
			"to": [2, 14, 2],
			"faces": {
				"north": {"uv": [9.5, 12.5, 10, 15.5], "texture": "#0"},
				"east": {"uv": [9, 12.5, 9.5, 15.5], "texture": "#0"},
				"south": {"uv": [8.5, 12.5, 9, 15.5], "texture": "#0"},
				"west": {"uv": [8, 12.5, 8.5, 15.5], "texture": "#0"},
				"up": {"uv": [0, 0, 2, 2], "texture": "#0"},
				"down": {"uv": [0, 0, 2, 2], "texture": "#0"}
			}
		},
		{
			"from": [14, 2, 0],
			"to": [16, 14, 2],
			"faces": {
				"north": {"uv": [9, 12.5, 9.5, 15.5], "texture": "#0"},
				"east": {"uv": [8.5, 12.5, 9, 15.5], "texture": "#0"},
				"south": {"uv": [8, 12.5, 8.5, 15.5], "texture": "#0"},
				"west": {"uv": [9.5, 12.5, 10, 15.5], "texture": "#0"},
				"up": {"uv": [0, 0, 2, 2], "texture": "#0"},
				"down": {"uv": [0, 0, 2, 2], "texture": "#0"}
			}
		},
		{
			"from": [1, 2, 2],
			"to": [2, 14, 14],
			"faces": {
				"north": {"uv": [0, 0, 1, 12], "texture": "#missing"},
				"east": {"uv": [0.5, 8.5, 3.5, 11.5], "texture": "#0"},
				"south": {"uv": [0, 0, 1, 12], "texture": "#missing"},
				"west": {"uv": [0.5, 8.5, 3.5, 11.5], "texture": "#0"},
				"up": {"uv": [0, 0, 1, 12], "texture": "#missing"},
				"down": {"uv": [0, 0, 1, 12], "texture": "#missing"}
			}
		},
		{
			"from": [14, 2, 2],
			"to": [15, 14, 14],
			"faces": {
				"north": {"uv": [0, 0, 1, 12], "texture": "#missing"},
				"east": {"uv": [0.5, 8.5, 3.5, 11.5], "texture": "#0"},
				"south": {"uv": [0, 0, 1, 12], "texture": "#missing"},
				"west": {"uv": [0.5, 8.5, 3.5, 11.5], "texture": "#0"},
				"up": {"uv": [0, 0, 1, 12], "texture": "#missing"},
				"down": {"uv": [0, 0, 1, 12], "texture": "#missing"}
			}
		},
		{
			"from": [2, 7, 1],
			"to": [14, 9, 15],
			"faces": {
				"north": {"uv": [0.75, 15.5, 3.75, 16], "texture": "#0"},
				"east": {"uv": [0, 0, 14, 2], "texture": "#missing"},
				"south": {"uv": [0, 15.5, 3, 16], "texture": "#0"},
				"west": {"uv": [0, 0, 14, 2], "texture": "#missing"},
				"up": {"uv": [0, 12.25, 3, 15.75], "texture": "#0"},
				"down": {"uv": [0, 12.25, 3, 15.75], "texture": "#0"}
			}
		},
		{
			"from": [2, 2, 7],
			"to": [14, 14, 9],
			"faces": {
				"north": {"uv": [0, 12.5, 3, 15.5], "texture": "#0"},
				"east": {"uv": [0, 0, 2, 12], "texture": "#missing"},
				"south": {"uv": [1, 12.5, 4, 15.5], "texture": "#0"},
				"west": {"uv": [0, 0, 2, 12], "texture": "#missing"},
				"up": {"uv": [0, 0, 12, 2], "texture": "#missing"},
				"down": {"uv": [0, 0, 12, 2], "texture": "#missing"}
			}
		},
		{
			"from": [10, 16, 2],
			"to": [12, 18, 3],
			"faces": {
				"north": {"uv": [13.75, 15.5, 14.25, 16], "texture": "#0"},
				"east": {"uv": [14, 15.5, 14.25, 16], "texture": "#0"},
				"south": {"uv": [14.5, 14.5, 15, 15], "texture": "#0"},
				"west": {"uv": [14, 15.5, 14.25, 16], "texture": "#0"},
				"up": {"uv": [15, 15.25, 15.5, 15.5], "texture": "#0"},
				"down": {"uv": [0, 0, 2, 1], "texture": "#0"}
			}
		},
		{
			"from": [9, 16, 3],
			"to": [10, 18, 5],
			"faces": {
				"north": {"uv": [13.75, 15.5, 14.25, 16], "texture": "#0"},
				"east": {"uv": [14.25, 14.5, 14.5, 15], "texture": "#0"},
				"south": {"uv": [13.5, 15.5, 14, 16], "texture": "#0"},
				"west": {"uv": [14, 15.5, 14.5, 16], "texture": "#0"},
				"up": {"uv": [15.25, 15.25, 15.5, 15.5], "texture": "#0"},
				"down": {"uv": [0, 0, 2, 1], "texture": "#0"}
			}
		},
		{
			"from": [12, 16, 3],
			"to": [13, 18, 5],
			"faces": {
				"north": {"uv": [13.75, 15.5, 14.25, 16], "texture": "#0"},
				"east": {"uv": [14, 15.5, 14.25, 16], "texture": "#0"},
				"south": {"uv": [13.5, 15.5, 14, 16], "texture": "#0"},
				"west": {"uv": [14.75, 15.25, 15.25, 15.75], "texture": "#0"},
				"up": {"uv": [15.25, 15.25, 15.5, 15.5], "texture": "#0"},
				"down": {"uv": [0, 0, 2, 1], "texture": "#0"}
			}
		},
		{
			"from": [10, 16, 5],
			"to": [12, 18, 6],
			"faces": {
				"north": {"uv": [14, 14.5, 14.5, 15], "texture": "#0"},
				"east": {"uv": [13.75, 15.5, 14, 16], "texture": "#0"},
				"south": {"uv": [13.75, 15.5, 14.25, 16], "texture": "#0"},
				"west": {"uv": [14, 15.5, 14.25, 16], "texture": "#0"},
				"up": {"uv": [15, 15.25, 15.5, 15.5], "texture": "#0"},
				"down": {"uv": [0, 0, 2, 1], "texture": "#0"}
			}
		},
		{
			"from": [10, 16, 3],
			"to": [12, 17, 5],
			"faces": {
				"north": {"uv": [0, 0, 2, 1], "texture": "#0"},
				"east": {"uv": [0, 0, 2, 1], "texture": "#0"},
				"south": {"uv": [0, 0, 2, 1], "texture": "#0"},
				"west": {"uv": [0, 0, 2, 1], "texture": "#0"},
				"up": {"uv": [15.5, 14, 16, 14.5], "texture": "#0"},
				"down": {"uv": [0, 0, 2, 2], "texture": "#0"}
			}
		},
		{
			"from": [5, 9, 9],
			"to": [7, 11, 10],
			"faces": {
				"north": {"uv": [13.75, 15.5, 14.25, 16], "texture": "#0"},
				"east": {"uv": [12.75, 15, 13, 15.5], "texture": "#0"},
				"south": {"uv": [14.5, 14.5, 15, 15], "texture": "#0"},
				"west": {"uv": [13, 15, 13.25, 15.5], "texture": "#0"},
				"up": {"uv": [15, 15.25, 15.5, 15.5], "texture": "#0"},
				"down": {"uv": [0, 0, 2, 1], "texture": "#0"}
			}
		},
		{
			"from": [4, 9, 10],
			"to": [5, 11, 12],
			"faces": {
				"north": {"uv": [13.75, 15.5, 14.25, 16], "texture": "#0"},
				"east": {"uv": [14.25, 14.5, 14.5, 15], "texture": "#0"},
				"south": {"uv": [13, 15, 13.5, 15.5], "texture": "#0"},
				"west": {"uv": [13, 15, 13.5, 15.5], "texture": "#0"},
				"up": {"uv": [15.25, 15.25, 15.5, 15.5], "texture": "#0"},
				"down": {"uv": [0, 0, 2, 1], "texture": "#0"}
			}
		},
		{
			"from": [7, 9, 10],
			"to": [8, 11, 12],
			"faces": {
				"north": {"uv": [13.75, 15.5, 14.25, 16], "texture": "#0"},
				"east": {"uv": [13, 15, 13.25, 15.5], "texture": "#0"},
				"south": {"uv": [12.75, 15, 13.25, 15.5], "texture": "#0"},
				"west": {"uv": [14.75, 15.25, 15.25, 15.75], "texture": "#0"},
				"up": {"uv": [15.25, 15.25, 15.5, 15.5], "texture": "#0"},
				"down": {"uv": [0, 0, 2, 1], "texture": "#0"}
			}
		},
		{
			"from": [5, 9, 12],
			"to": [7, 11, 13],
			"faces": {
				"north": {"uv": [14, 14.5, 14.5, 15], "texture": "#0"},
				"east": {"uv": [12.75, 15, 13, 15.5], "texture": "#0"},
				"south": {"uv": [12.75, 15, 13.25, 15.5], "texture": "#0"},
				"west": {"uv": [13.25, 15, 13.5, 15.5], "texture": "#0"},
				"up": {"uv": [15, 15.25, 15.5, 15.5], "texture": "#0"},
				"down": {"uv": [0, 0, 2, 1], "texture": "#0"}
			}
		},
		{
			"from": [5, 9, 10],
			"to": [7, 10, 12],
			"faces": {
				"north": {"uv": [0, 0, 2, 1], "texture": "#0"},
				"east": {"uv": [0, 0, 2, 1], "texture": "#0"},
				"south": {"uv": [0, 0, 2, 1], "texture": "#0"},
				"west": {"uv": [0, 0, 2, 1], "texture": "#0"},
				"up": {"uv": [14, 14, 14.5, 14.5], "texture": "#0"},
				"down": {"uv": [0, 0, 2, 2], "texture": "#0"}
			}
		},
		{
			"from": [9, 2, 1],
			"to": [11, 4, 2],
			"faces": {
				"north": {"uv": [12.75, 15.5, 13.25, 16], "texture": "#0"},
				"east": {"uv": [13.25, 15.5, 13.5, 16], "texture": "#0"},
				"south": {"uv": [14.5, 14.5, 15, 15], "texture": "#0"},
				"west": {"uv": [13, 15.5, 13.25, 16], "texture": "#0"},
				"up": {"uv": [15, 15.25, 15.5, 15.5], "texture": "#0"},
				"down": {"uv": [0, 0, 2, 1], "texture": "#0"}
			}
		},
		{
			"from": [8, 2, 2],
			"to": [9, 4, 4],
			"faces": {
				"north": {"uv": [13, 15.5, 13.5, 16], "texture": "#0"},
				"east": {"uv": [14.25, 14.5, 14.5, 15], "texture": "#0"},
				"south": {"uv": [13.5, 15.5, 14, 16], "texture": "#0"},
				"west": {"uv": [13, 15.5, 13.5, 16], "texture": "#0"},
				"up": {"uv": [15.25, 15.25, 15.5, 15.5], "texture": "#0"},
				"down": {"uv": [0, 0, 2, 1], "texture": "#0"}
			}
		},
		{
			"from": [11, 2, 2],
			"to": [12, 4, 4],
			"faces": {
				"north": {"uv": [13, 15.5, 13.5, 16], "texture": "#0"},
				"east": {"uv": [13, 15.5, 13.25, 16], "texture": "#0"},
				"south": {"uv": [13.5, 15.5, 14, 16], "texture": "#0"},
				"west": {"uv": [14.75, 15.25, 15.25, 15.75], "texture": "#0"},
				"up": {"uv": [15.25, 15.25, 15.5, 15.5], "texture": "#0"},
				"down": {"uv": [0, 0, 2, 1], "texture": "#0"}
			}
		},
		{
			"from": [9, 2, 4],
			"to": [11, 4, 5],
			"faces": {
				"north": {"uv": [14, 14.5, 14.5, 15], "texture": "#0"},
				"east": {"uv": [13, 15.5, 13.25, 16], "texture": "#0"},
				"south": {"uv": [13.75, 15.5, 14.25, 16], "texture": "#0"},
				"west": {"uv": [13, 15.5, 13.25, 16], "texture": "#0"},
				"up": {"uv": [15, 15.25, 15.5, 15.5], "texture": "#0"},
				"down": {"uv": [0, 0, 2, 1], "texture": "#0"}
			}
		},
		{
			"from": [9, 2, 2],
			"to": [11, 3, 4],
			"faces": {
				"north": {"uv": [0, 0, 2, 1], "texture": "#0"},
				"east": {"uv": [0, 0, 2, 1], "texture": "#0"},
				"south": {"uv": [0, 0, 2, 1], "texture": "#0"},
				"west": {"uv": [0, 0, 2, 1], "texture": "#0"},
				"up": {"uv": [14.5, 14, 15, 14.5], "texture": "#0"},
				"down": {"uv": [0, 0, 2, 2], "texture": "#0"}
			}
		},
		{
			"from": [12, 16, 7],
			"to": [14, 18, 8],
			"faces": {
				"north": {"uv": [13.75, 15, 14.25, 15.5], "texture": "#0"},
				"east": {"uv": [14, 15, 14.25, 15.5], "texture": "#0"},
				"south": {"uv": [14.5, 14.5, 15, 15], "texture": "#0"},
				"west": {"uv": [13.75, 15, 14, 15.5], "texture": "#0"},
				"up": {"uv": [15, 15.25, 15.5, 15.5], "texture": "#0"},
				"down": {"uv": [0, 0, 2, 1], "texture": "#missing"}
			}
		},
		{
			"from": [12, 16, 10],
			"to": [14, 18, 11],
			"faces": {
				"north": {"uv": [14, 14.5, 14.5, 15], "texture": "#0"},
				"east": {"uv": [14, 15, 14.25, 15.5], "texture": "#0"},
				"south": {"uv": [13.5, 15, 14, 15.5], "texture": "#0"},
				"west": {"uv": [14, 15, 14.25, 15.5], "texture": "#0"},
				"up": {"uv": [15, 15.25, 15.5, 15.5], "texture": "#0"},
				"down": {"uv": [0, 0, 2, 1], "texture": "#missing"}
			}
		},
		{
			"from": [11, 16, 8],
			"to": [12, 18, 10],
			"faces": {
				"north": {"uv": [14, 15, 14.5, 15.5], "texture": "#0"},
				"east": {"uv": [14.25, 14.5, 14.5, 15], "texture": "#0"},
				"south": {"uv": [14, 15, 14.5, 15.5], "texture": "#0"},
				"west": {"uv": [14, 15, 14.5, 15.5], "texture": "#0"},
				"up": {"uv": [15.25, 15.25, 15.5, 15.5], "texture": "#0"},
				"down": {"uv": [0, 0, 2, 1], "texture": "#0"}
			}
		},
		{
			"from": [14, 16, 8],
			"to": [15, 18, 10],
			"faces": {
				"north": {"uv": [14, 15, 14.5, 15.5], "texture": "#0"},
				"east": {"uv": [14, 15, 14.25, 15.5], "texture": "#0"},
				"south": {"uv": [14, 15, 14.5, 15.5], "texture": "#0"},
				"west": {"uv": [14.75, 15.25, 15.25, 15.75], "texture": "#0"},
				"up": {"uv": [15.25, 15.25, 15.5, 15.5], "texture": "#0"},
				"down": {"uv": [0, 0, 2, 1], "texture": "#0"}
			}
		},
		{
			"from": [12, 16, 8],
			"to": [14, 17, 10],
			"faces": {
				"north": {"uv": [0, 0, 2, 1], "texture": "#missing"},
				"east": {"uv": [0, 0, 2, 1], "texture": "#missing"},
				"south": {"uv": [0, 0, 2, 1], "texture": "#missing"},
				"west": {"uv": [0, 0, 2, 1], "texture": "#missing"},
				"up": {"uv": [15, 14, 15.5, 14.5], "texture": "#0"},
				"down": {"uv": [0, 0, 2, 2], "texture": "#missing"}
			}
		},
		{
			"from": [10, 17, 4],
			"to": [11, 20, 4],
			"faces": {
				"north": {"uv": [13.75, 13.25, 14, 14], "texture": "#0"},
				"east": {"uv": [0, 0, 0, 13], "texture": "#missing"},
				"south": {"uv": [13.5, 13.25, 13.75, 14], "texture": "#0"},
				"west": {"uv": [0, 0, 0, 13], "texture": "#missing"},
				"up": {"uv": [0, 0, 12, 0], "texture": "#missing"},
				"down": {"uv": [0, 0, 12, 0], "texture": "#missing"}
			}
		},
		{
			"from": [9, 19, 4],
			"to": [10, 22, 4],
			"faces": {
				"north": {"uv": [14, 12.75, 14.25, 13.5], "texture": "#0"},
				"east": {"uv": [0, 0, 0, 13], "texture": "#0"},
				"south": {"uv": [13.25, 12.75, 13.5, 13.5], "texture": "#0"},
				"west": {"uv": [0, 0, 0, 13], "texture": "#0"},
				"up": {"uv": [0, 0, 12, 0], "texture": "#0"},
				"down": {"uv": [0, 0, 12, 0], "texture": "#0"}
			}
		},
		{
			"from": [8, 20, 4],
			"to": [9, 23, 4],
			"faces": {
				"north": {"uv": [14.25, 12.5, 14.5, 13.25], "texture": "#0"},
				"east": {"uv": [0, 0, 0, 13], "texture": "#0"},
				"south": {"uv": [13, 12.5, 13.25, 13.25], "texture": "#0"},
				"west": {"uv": [0, 0, 0, 13], "texture": "#0"},
				"up": {"uv": [0, 0, 12, 0], "texture": "#0"},
				"down": {"uv": [0, 0, 12, 0], "texture": "#0"}
			}
		},
		{
			"from": [6, 21, 4],
			"to": [8, 24, 4],
			"faces": {
				"north": {"uv": [14.5, 12.25, 15, 13], "texture": "#0"},
				"east": {"uv": [0, 0, 0, 13], "texture": "#0"},
				"south": {"uv": [12.5, 12.25, 13, 13], "texture": "#0"},
				"west": {"uv": [0, 0, 0, 13], "texture": "#0"},
				"up": {"uv": [0, 0, 12, 0], "texture": "#0"},
				"down": {"uv": [0, 0, 12, 0], "texture": "#0"}
			}
		},
		{
			"from": [5, 22, 4],
			"to": [6, 23, 4],
			"faces": {
				"north": {"uv": [15, 12.5, 15.25, 12.75], "texture": "#0"},
				"east": {"uv": [0, 0, 0, 13], "texture": "#0"},
				"south": {"uv": [12.25, 12.5, 12.5, 12.75], "texture": "#0"},
				"west": {"uv": [0, 0, 0, 13], "texture": "#0"},
				"up": {"uv": [0, 0, 12, 0], "texture": "#0"},
				"down": {"uv": [0, 0, 12, 0], "texture": "#0"}
			}
		},
		{
			"from": [8, 16, 8],
			"to": [9, 17, 11],
			"faces": {
				"north": {"uv": [15.25, 10, 15.5, 10.25], "texture": "#0"},
				"east": {"uv": [14.5, 9.75, 15.25, 10], "texture": "#0"},
				"south": {"uv": [14.25, 10, 14.5, 10.25], "texture": "#0"},
				"west": {"uv": [14.5, 11.75, 15.25, 12], "texture": "#0"},
				"up": {"uv": [14, 10.5, 14.25, 11.25], "texture": "#0"},
				"down": {"uv": [0, 0, 1, 3], "texture": "#0"}
			}
		},
		{
			"from": [2, 16, 8],
			"to": [3, 17, 11],
			"faces": {
				"north": {"uv": [15.25, 10, 15.5, 10.25], "texture": "#0"},
				"east": {"uv": [14.5, 9.75, 15.25, 10], "texture": "#0"},
				"south": {"uv": [14.25, 10, 14.5, 10.25], "texture": "#0"},
				"west": {"uv": [14.5, 11.75, 15.25, 12], "texture": "#0"},
				"up": {"uv": [15.5, 10.5, 15.75, 11.25], "texture": "#0"},
				"down": {"uv": [0, 0, 1, 3], "texture": "#0"}
			}
		},
		{
			"from": [3, 16, 11],
			"to": [4, 17, 12],
			"faces": {
				"north": {"uv": [15.5, 10.25, 15.75, 10.5], "texture": "#0"},
				"east": {"uv": [14.25, 10, 14.5, 10.25], "texture": "#0"},
				"south": {"uv": [13.75, 10.5, 14, 10.75], "texture": "#0"},
				"west": {"uv": [14.25, 11.5, 14.5, 11.75], "texture": "#0"},
				"up": {"uv": [14, 10.25, 14.25, 10.5], "texture": "#0"},
				"down": {"uv": [0, 0, 1, 1], "texture": "#missing"}
			}
		},
		{
			"from": [7, 16, 11],
			"to": [8, 17, 12],
			"faces": {
				"north": {"uv": [15.5, 10.25, 15.75, 10.5], "texture": "#0"},
				"east": {"uv": [14.25, 10, 14.5, 10.25], "texture": "#0"},
				"south": {"uv": [13.75, 10.5, 14, 10.75], "texture": "#0"},
				"west": {"uv": [14.25, 11.5, 14.5, 11.75], "texture": "#0"},
				"up": {"uv": [14, 10.25, 14.25, 10.5], "texture": "#0"},
				"down": {"uv": [0, 0, 1, 1], "texture": "#missing"}
			}
		},
		{
			"from": [7, 16, 7],
			"to": [8, 17, 8],
			"faces": {
				"north": {"uv": [15.5, 10.25, 15.75, 10.5], "texture": "#0"},
				"east": {"uv": [14.25, 10, 14.5, 10.25], "texture": "#0"},
				"south": {"uv": [13.75, 10.5, 14, 10.75], "texture": "#0"},
				"west": {"uv": [14.25, 11.5, 14.5, 11.75], "texture": "#0"},
				"up": {"uv": [13.75, 10.75, 14, 11], "texture": "#0"},
				"down": {"uv": [0, 0, 1, 1], "texture": "#missing"}
			}
		},
		{
			"from": [3, 16, 7],
			"to": [4, 17, 8],
			"faces": {
				"north": {"uv": [15.5, 10.25, 15.75, 10.5], "texture": "#0"},
				"east": {"uv": [14.25, 10, 14.5, 10.25], "texture": "#0"},
				"south": {"uv": [13.75, 10.5, 14, 10.75], "texture": "#0"},
				"west": {"uv": [14.25, 11.5, 14.5, 11.75], "texture": "#0"},
				"up": {"uv": [14, 10.25, 14.25, 10.5], "texture": "#0"},
				"down": {"uv": [0, 0, 1, 1], "texture": "#missing"}
			}
		},
		{
			"from": [4, 16, 12],
			"to": [7, 17, 13],
			"faces": {
				"north": {"uv": [14.5, 9.75, 15.25, 10], "texture": "#0"},
				"east": {"uv": [15.5, 10.25, 15.75, 10.5], "texture": "#0"},
				"south": {"uv": [14.5, 11.75, 15.25, 12], "texture": "#0"},
				"west": {"uv": [14.25, 11.5, 14.5, 11.75], "texture": "#0"},
				"up": {"uv": [14.5, 11.5, 15.25, 11.75], "texture": "#0"},
				"down": {"uv": [0, 0, 3, 1], "texture": "#missing"}
			}
		},
		{
			"from": [4, 16, 6],
			"to": [7, 17, 7],
			"faces": {
				"north": {"uv": [14.5, 9.75, 15.25, 10], "texture": "#0"},
				"east": {"uv": [15.5, 10.25, 15.75, 10.5], "texture": "#0"},
				"south": {"uv": [14.5, 11.75, 15.25, 12], "texture": "#0"},
				"west": {"uv": [14.25, 11.5, 14.5, 11.75], "texture": "#0"},
				"up": {"uv": [14.5, 10, 15.25, 10.25], "texture": "#0"},
				"down": {"uv": [0, 0, 3, 1], "texture": "#missing"}
			}
		},
		{
			"from": [15, 11, 2],
			"to": [16, 12, 14],
			"faces": {
				"north": {"uv": [0, 0, 1, 1], "texture": "#missing"},
				"east": {"uv": [4.5, 8.75, 7.5, 9], "texture": "#0"},
				"south": {"uv": [0, 0, 1, 1], "texture": "#missing"},
				"west": {"uv": [0, 0, 12, 1], "texture": "#missing"},
				"up": {"uv": [7.25, 5.75, 7.5, 8.75], "texture": "#0"},
				"down": {"uv": [4.75, 8.5, 5, 8.75], "texture": "#0"}
			}
		},
		{
			"from": [16, 6, 3],
			"to": [16, 11, 13],
			"faces": {
				"north": {"uv": [0, 0, 1, 1], "texture": "#missing"},
				"east": {"uv": [4.75, 9, 7.25, 10.25], "texture": "#0"},
				"south": {"uv": [0, 0, 1, 1], "texture": "#missing"},
				"west": {"uv": [0, 0, 12, 1], "texture": "#missing"},
				"up": {"uv": [0, 0, 1, 12], "texture": "#missing"},
				"down": {"uv": [0, 0, 1, 12], "texture": "#missing"}
			}
		},
		{
			"from": [16, 5, 6],
			"to": [16, 6, 11],
			"faces": {
				"north": {"uv": [0, 0, 1, 1], "texture": "#missing"},
				"east": {"uv": [5.25, 10.25, 6.25, 10.5], "texture": "#0"},
				"south": {"uv": [0, 0, 1, 1], "texture": "#missing"},
				"west": {"uv": [0, 0, 12, 1], "texture": "#missing"},
				"up": {"uv": [0, 0, 1, 12], "texture": "#missing"},
				"down": {"uv": [0, 0, 1, 12], "texture": "#missing"}
			}
		},
		{
			"from": [3, 3, 12],
			"to": [13, 4, 13],
			"faces": {
				"north": {"uv": [0, 0, 8, 3], "texture": "#0"},
				"east": {"uv": [5, 8.5, 5.25, 8.75], "texture": "#0"},
				"south": {"uv": [6.75, 8.5, 7.5, 8.75], "texture": "#0"},
				"west": {"uv": [4.5, 8.5, 4.75, 8.75], "texture": "#0"},
				"up": {"uv": [6.5, 8.5, 7.5, 8.75], "texture": "#0"},
				"down": {"uv": [6, 8.5, 6.5, 8.75], "texture": "#0"}
			}
		},
		{
			"from": [4, 2, 11],
			"to": [12, 5, 14],
			"faces": {
				"north": {"uv": [0, 0, 8, 3], "texture": "#0"},
				"east": {"uv": [5, 7.75, 5.75, 8.5], "texture": "#0"},
				"south": {"uv": [5, 7.75, 7, 8.5], "texture": "#0"},
				"west": {"uv": [5, 7.75, 5.75, 8.5], "texture": "#0"},
				"up": {"uv": [5, 7, 7, 7.75], "texture": "#0"},
				"down": {"uv": [0, 0, 8, 3], "texture": "#0"}
			}
		},
		{
			"from": [2, 10, 4],
			"to": [12, 11, 5],
			"rotation": {"angle": 0, "axis": "y", "origin": [8, 3.5, -14.5]},
			"faces": {
				"north": {"uv": [6.75, 8.5, 7.5, 8.75], "texture": "#0"},
				"east": {"uv": [4.5, 8.5, 4.75, 8.75], "texture": "#0"},
				"south": {"uv": [0, 0, 8, 3], "texture": "#0"},
				"west": {"uv": [5, 8.5, 5.25, 8.75], "texture": "#0"},
				"up": {"uv": [6.5, 8.5, 7.5, 8.75], "rotation": 180, "texture": "#0"},
				"down": {"uv": [6, 8.5, 6.5, 8.75], "rotation": 180, "texture": "#0"}
			}
		},
		{
			"from": [3, 9, 3],
			"to": [11, 12, 6],
			"rotation": {"angle": 0, "axis": "y", "origin": [8, 3.5, -14.5]},
			"faces": {
				"north": {"uv": [5, 7.75, 7, 8.5], "texture": "#0"},
				"east": {"uv": [5, 7.75, 5.75, 8.5], "texture": "#0"},
				"south": {"uv": [0, 0, 8, 3], "texture": "#0"},
				"west": {"uv": [5, 7.75, 5.75, 8.5], "texture": "#0"},
				"up": {"uv": [5, 7, 7, 7.75], "rotation": 180, "texture": "#0"},
				"down": {"uv": [0, 0, 8, 3], "rotation": 180, "texture": "#0"}
			}
		}
	],
	"display": {
		"thirdperson_righthand": {
			"rotation": [75, 45, 0],
			"translation": [0, 2.5, 0],
			"scale": [0.375, 0.375, 0.375]
		},
		"thirdperson_lefthand": {
			"rotation": [75, 45, 0],
			"translation": [0, 2.5, 0],
			"scale": [0.375, 0.375, 0.375]
		},
		"firstperson_righthand": {
			"rotation": [0, 45, 0],
			"scale": [0.4, 0.4, 0.4]
		},
		"firstperson_lefthand": {
			"rotation": [0, 225, 0],
			"scale": [0.4, 0.4, 0.4]
		},
		"ground": {
			"translation": [0, 3, 0],
			"scale": [0.25, 0.25, 0.25]
		},
		"gui": {
			"rotation": [30, 225, 0],
			"scale": [0.625, 0.625, 0.625]
		},
		"fixed": {
			"scale": [0.5, 0.5, 0.5]
		}
	},
	"groups": [0, 1, 2, 3, 4, 5, 6, 7, 8, 9,
		{
			"name": "group",
			"origin": [8, 8, 8],
			"children": [10, 11, 12, 13, 14,
				{
					"name": "group",
					"origin": [8, 8, 8],
					"children": [15, 16, 17, 18, 19,
						{
							"name": "group",
							"origin": [8, 8, 8],
							"children": [20, 21, 22, 23, 24]
						}
					]
				}
			]
		},
		{
			"name": "group",
			"origin": [8, 8, 8],
			"children": [25, 26, 27, 28, 29]
		},
		{
			"name": "Feather",
			"origin": [8, 8, 8],
			"children": [30, 31, 32, 33, 34]
		},
		{
			"name": "compass",
			"origin": [8, 8, 8],
			"children": [35, 36, 37, 38, 39, 40, 41, 42]
		},
		{
			"name": "side_thing",
			"origin": [8, 8, 8],
			"children": [43, 44, 45]
		},
		{
			"name": "roll_of_paper",
			"origin": [8, 8, 8],
			"children": [46, 47]
		},
		{
			"name": "roll_of_paper",
			"origin": [8, 8, 8],
			"children": [48, 49]
		}
	]
}