{
	"credit": "Made with Blockbench",
	"textures": {
		"0": "block/crafting_table_3d",
		"particle": "block/crafting_table"
	},
	"elements": [
		{
			"from": [0, 0, 0],
			"to": [16, 1, 16],
			"faces": {
				"north": {"uv": [5.25, 12, 9.75, 12.25], "texture": "#0"},
				"east": {"uv": [4.5, 8.25, 8.5, 8.5], "texture": "#0"},
				"south": {"uv": [5.25, 12, 9.5, 12.25], "texture": "#0"},
				"west": {"uv": [6, 12, 9.5, 12.25], "texture": "#0"},
				"up": {"uv": [0, 8.25, 4, 12.25], "texture": "#0"},
				"down": {"uv": [0, 8.25, 4, 12.25], "texture": "#0"}
			}
		},
		{
			"from": [0, 14, 0],
			"to": [16, 15, 16],
			"faces": {
				"north": {"uv": [4, 8, 8, 8.25], "texture": "#0"},
				"east": {"uv": [0, 7.5, 4, 7.75], "texture": "#0"},
				"south": {"uv": [0, 8, 4, 8.25], "texture": "#0"},
				"west": {"uv": [4, 7.5, 8, 7.75], "texture": "#0"},
				"up": {"uv": [0, 3.25, 4, 7.25], "texture": "#0"},
				"down": {"uv": [0, 3.25, 4, 7.25], "texture": "#0"}
			}
		},
		{
			"from": [3, 1, 3],
			"to": [13, 14, 13],
			"faces": {
				"north": {"uv": [4.5, 8.75, 7, 12], "texture": "#0"},
				"east": {"uv": [7.5, 8.5, 10, 11.75], "texture": "#0"},
				"south": {"uv": [4, 8.5, 6.5, 11.75], "texture": "#0"},
				"west": {"uv": [7.5, 8.75, 10, 12], "texture": "#0"},
				"up": {"uv": [0, 0, 10, 10], "texture": "#missing"},
				"down": {"uv": [0, 0, 10, 10], "texture": "#missing"}
			}
		},
		{
			"from": [0, 15, 0],
			"to": [16, 16, 4],
			"faces": {
				"north": {"uv": [4, 7.75, 8, 8], "texture": "#0"},
				"east": {"uv": [3, 7.25, 4, 7.5], "texture": "#0"},
				"south": {"uv": [4, 4, 8, 4.25], "texture": "#0"},
				"west": {"uv": [4, 7.25, 5, 7.5], "texture": "#0"},
				"up": {"uv": [4, 3.25, 8, 4.25], "texture": "#0"},
				"down": {"uv": [0, 0, 16, 4], "texture": "#missing"}
			}
		},
		{
			"from": [0, 15, 12],
			"to": [16, 16, 16],
			"faces": {
				"north": {"uv": [4, 4, 8, 4.25], "texture": "#0"},
				"east": {"uv": [0, 7.25, 1, 7.5], "texture": "#0"},
				"south": {"uv": [0, 7.75, 4, 8], "texture": "#0"},
				"west": {"uv": [7, 7.25, 8, 7.5], "texture": "#0"},
				"up": {"uv": [4, 6.25, 8, 7.25], "texture": "#0"},
				"down": {"uv": [0, 0, 16, 4], "texture": "#missing"}
			}
		},
		{
			"from": [12, 15, 4],
			"to": [16, 16, 12],
			"faces": {
				"north": {"uv": [0, 0, 4, 1], "texture": "#missing"},
				"east": {"uv": [1, 7.25, 3, 7.5], "texture": "#0"},
				"south": {"uv": [0, 0, 4, 1], "texture": "#missing"},
				"west": {"uv": [5, 6.25, 7, 6.5], "texture": "#0"},
				"up": {"uv": [7, 4.25, 8, 6.25], "texture": "#0"},
				"down": {"uv": [0, 0, 4, 8], "texture": "#missing"}
			}
		},
		{
			"from": [0, 15, 4],
			"to": [4, 16, 12],
			"faces": {
				"north": {"uv": [0, 0, 4, 1], "texture": "#missing"},
				"east": {"uv": [5, 4, 7, 4.25], "texture": "#0"},
				"south": {"uv": [0, 0, 4, 1], "texture": "#missing"},
				"west": {"uv": [5, 7.25, 7, 7.5], "texture": "#0"},
				"up": {"uv": [4, 4.25, 5, 6.25], "texture": "#0"},
				"down": {"uv": [0, 0, 4, 8], "texture": "#missing"}
			}
		},
		{
			"from": [6, 15, 4],
			"to": [7, 16, 12],
			"faces": {
				"north": {"uv": [0, 0, 1, 1], "texture": "#missing"},
				"east": {"uv": [5, 4, 7, 4.25], "texture": "#0"},
				"south": {"uv": [0, 0, 1, 1], "texture": "#missing"},
				"west": {"uv": [5, 4, 7, 4.25], "texture": "#0"},
				"up": {"uv": [6.25, 4.25, 6.5, 6.25], "texture": "#0"},
				"down": {"uv": [0, 0, 1, 8], "texture": "#missing"}
			}
		},
		{
			"from": [9, 15, 4],
			"to": [10, 16, 12],
			"faces": {
				"north": {"uv": [0, 0, 1, 1], "texture": "#missing"},
				"east": {"uv": [5, 4, 7, 4.25], "texture": "#0"},
				"south": {"uv": [0, 0, 1, 1], "texture": "#missing"},
				"west": {"uv": [5, 4.75, 7, 5], "texture": "#0"},
				"up": {"uv": [5.5, 4.25, 5.75, 6.25], "texture": "#0"},
				"down": {"uv": [0, 0, 1, 8], "texture": "#missing"}
			}
		},
		{
			"from": [10, 15, 9],
			"to": [12, 16, 10],
			"faces": {
				"north": {"uv": [5, 4.75, 5.5, 5], "texture": "#0"},
				"east": {"uv": [0, 0, 1, 1], "texture": "#missing"},
				"south": {"uv": [6.5, 5.5, 7, 5.75], "texture": "#0"},
				"west": {"uv": [0, 0, 1, 1], "texture": "#missing"},
				"up": {"uv": [5, 4.75, 5.5, 5], "texture": "#0"},
				"down": {"uv": [0, 0, 2, 1], "texture": "#missing"}
			}
		},
		{
			"from": [10, 15, 6],
			"to": [12, 16, 7],
			"faces": {
				"north": {"uv": [5, 5.5, 5.5, 5.75], "texture": "#0"},
				"east": {"uv": [0, 0, 1, 1], "texture": "#missing"},
				"south": {"uv": [6.5, 4.75, 7, 5], "texture": "#0"},
				"west": {"uv": [0, 0, 1, 1], "texture": "#missing"},
				"up": {"uv": [5, 5.5, 5.5, 5.75], "texture": "#0"},
				"down": {"uv": [0, 0, 2, 1], "texture": "#missing"}
			}
		},
		{
			"from": [4, 15, 9],
			"to": [6, 16, 10],
			"faces": {
				"north": {"uv": [6.5, 4.75, 7, 5], "texture": "#0"},
				"east": {"uv": [0, 0, 1, 1], "texture": "#missing"},
				"south": {"uv": [5, 5.5, 5.5, 5.75], "texture": "#0"},
				"west": {"uv": [0, 0, 1, 1], "texture": "#missing"},
				"up": {"uv": [6.5, 4.75, 7, 5], "texture": "#0"},
				"down": {"uv": [0, 0, 2, 1], "texture": "#missing"}
			}
		},
		{
			"from": [4, 15, 6],
			"to": [6, 16, 7],
			"faces": {
				"north": {"uv": [6.5, 5.5, 7, 5.75], "texture": "#0"},
				"east": {"uv": [0, 0, 1, 1], "texture": "#missing"},
				"south": {"uv": [5, 4.75, 5.5, 5], "texture": "#0"},
				"west": {"uv": [0, 0, 1, 1], "texture": "#missing"},
				"up": {"uv": [6.5, 5.5, 7, 5.75], "texture": "#0"},
				"down": {"uv": [0, 0, 2, 1], "texture": "#missing"}
			}
		},
		{
			"from": [7, 15, 9],
			"to": [9, 16, 10],
			"faces": {
				"north": {"uv": [5.75, 4.75, 6.25, 5], "texture": "#0"},
				"east": {"uv": [0, 0, 1, 1], "texture": "#missing"},
				"south": {"uv": [5.75, 5.5, 6.25, 5.75], "texture": "#0"},
				"west": {"uv": [0, 0, 1, 1], "texture": "#missing"},
				"up": {"uv": [5.75, 4.75, 6.25, 5], "texture": "#0"},
				"down": {"uv": [0, 0, 2, 1], "texture": "#missing"}
			}
		},
		{
			"from": [7, 15, 6],
			"to": [9, 16, 7],
			"faces": {
				"north": {"uv": [5.75, 5.5, 6.25, 5.75], "texture": "#0"},
				"east": {"uv": [0, 0, 1, 1], "texture": "#missing"},
				"south": {"uv": [5.75, 4.75, 6.25, 5], "texture": "#0"},
				"west": {"uv": [0, 0, 1, 1], "texture": "#missing"},
				"up": {"uv": [5.75, 5.5, 6.25, 5.75], "texture": "#0"},
				"down": {"uv": [0, 0, 2, 1], "texture": "#missing"}
			}
		},
		{
			"from": [13, 1, 1],
			"to": [15, 14, 3],
			"faces": {
				"north": {"uv": [0.5, 0, 1, 3.25], "texture": "#0"},
				"east": {"uv": [1.25, 0, 1.75, 3.25], "texture": "#0"},
				"south": {"uv": [0.75, 0, 1.25, 3.25], "texture": "#0"},
				"west": {"uv": [0, 0, 0.5, 3.25], "texture": "#0"},
				"up": {"uv": [0, 0, 2, 2], "texture": "#missing"},
				"down": {"uv": [0, 0, 2, 2], "texture": "#missing"}
			}
		},
		{
			"from": [14, 1, 0],
			"to": [16, 14, 2],
			"faces": {
				"north": {"uv": [0.75, 0, 1.25, 3.25], "texture": "#0"},
				"east": {"uv": [0, 0, 0.5, 3.25], "texture": "#0"},
				"south": {"uv": [0.5, 0, 1, 3.25], "texture": "#0"},
				"west": {"uv": [1.25, 0, 1.75, 3.25], "texture": "#0"},
				"up": {"uv": [0, 0, 2, 2], "rotation": 180, "texture": "#missing"},
				"down": {"uv": [0, 0, 2, 2], "rotation": 180, "texture": "#missing"}
			}
		},
		{
			"from": [0, 1, 0],
			"to": [2, 14, 2],
			"faces": {
				"north": {"uv": [0.75, 0, 1.25, 3.25], "texture": "#0"},
				"east": {"uv": [0, 0, 0.5, 3.25], "texture": "#0"},
				"south": {"uv": [0.5, 0, 1, 3.25], "texture": "#0"},
				"west": {"uv": [1.25, 0, 1.75, 3.25], "texture": "#0"},
				"up": {"uv": [0, 0, 2, 2], "rotation": 180, "texture": "#missing"},
				"down": {"uv": [0, 0, 2, 2], "rotation": 180, "texture": "#missing"}
			}
		},
		{
			"from": [0, 1, 14],
			"to": [2, 14, 16],
			"faces": {
				"north": {"uv": [0.75, 0, 1.25, 3.25], "texture": "#0"},
				"east": {"uv": [0, 0, 0.5, 3.25], "texture": "#0"},
				"south": {"uv": [0.5, 0, 1, 3.25], "texture": "#0"},
				"west": {"uv": [1.25, 0, 1.75, 3.25], "texture": "#0"},
				"up": {"uv": [0, 0, 2, 2], "rotation": 180, "texture": "#missing"},
				"down": {"uv": [0, 0, 2, 2], "rotation": 180, "texture": "#missing"}
			}
		},
		{
			"from": [14, 1, 14],
			"to": [16, 14, 16],
			"faces": {
				"north": {"uv": [0.75, 0, 1.25, 3.25], "texture": "#0"},
				"east": {"uv": [0, 0, 0.5, 3.25], "texture": "#0"},
				"south": {"uv": [0.5, 0, 1, 3.25], "texture": "#0"},
				"west": {"uv": [1.25, 0, 1.75, 3.25], "texture": "#0"},
				"up": {"uv": [0, 0, 2, 2], "rotation": 180, "texture": "#missing"},
				"down": {"uv": [0, 0, 2, 2], "rotation": 180, "texture": "#missing"}
			}
		},
		{
			"from": [1, 1, 1],
			"to": [3, 14, 3],
			"faces": {
				"north": {"uv": [0.5, 0, 1, 3.25], "texture": "#0"},
				"east": {"uv": [1.25, 0, 1.75, 3.25], "texture": "#0"},
				"south": {"uv": [0.75, 0, 1.25, 3.25], "texture": "#0"},
				"west": {"uv": [0, 0, 0.5, 3.25], "texture": "#0"},
				"up": {"uv": [0, 0, 2, 2], "texture": "#missing"},
				"down": {"uv": [0, 0, 2, 2], "texture": "#missing"}
			}
		},
		{
			"from": [1, 1, 13],
			"to": [3, 14, 15],
			"faces": {
				"north": {"uv": [0.5, 0, 1, 3.25], "texture": "#0"},
				"east": {"uv": [1.25, 0, 1.75, 3.25], "texture": "#0"},
				"south": {"uv": [0.75, 0, 1.25, 3.25], "texture": "#0"},
				"west": {"uv": [0, 0, 0.5, 3.25], "texture": "#0"},
				"up": {"uv": [0, 0, 2, 2], "texture": "#missing"},
				"down": {"uv": [0, 0, 2, 2], "texture": "#missing"}
			}
		},
		{
			"from": [13, 1, 13],
			"to": [15, 14, 15],
			"faces": {
				"north": {"uv": [0.5, 0, 1, 3.25], "texture": "#0"},
				"east": {"uv": [1.25, 0, 1.75, 3.25], "texture": "#0"},
				"south": {"uv": [0.75, 0, 1.25, 3.25], "texture": "#0"},
				"west": {"uv": [0, 0, 0.5, 3.25], "texture": "#0"},
				"up": {"uv": [0, 0, 2, 2], "texture": "#missing"},
				"down": {"uv": [0, 0, 2, 2], "texture": "#missing"}
			}
		},
		{
			"from": [13, 11, 4],
			"to": [15, 13, 10],
			"faces": {
				"north": {"uv": [1.75, 12.5, 2.25, 13], "texture": "#0"},
				"east": {"uv": [0.5, 12.5, 2, 13], "texture": "#0"},
				"south": {"uv": [0.25, 13.25, 0.75, 13.75], "texture": "#0"},
				"west": {"uv": [0, 0, 5, 2], "texture": "#missing"},
				"up": {"uv": [0.25, 13.75, 0.75, 15.25], "texture": "#0"},
				"down": {"uv": [0.25, 13.5, 0.75, 15], "texture": "#0"}
			}
		},
		{
			"from": [13, 11, 10],
			"to": [15, 12, 12],
			"faces": {
				"north": {"uv": [0, 0, 2, 1], "texture": "#missing"},
				"east": {"uv": [0, 12.75, 0.5, 13], "texture": "#0"},
				"south": {"uv": [0.25, 13.25, 0.75, 13.5], "texture": "#0"},
				"west": {"uv": [0, 0, 2, 1], "texture": "#missing"},
				"up": {"uv": [0.25, 14.75, 0.75, 15.25], "texture": "#0"},
				"down": {"uv": [0.25, 13.25, 0.75, 13.75], "texture": "#0"}
			}
		},
		{
			"from": [13, 2, 7],
			"to": [15, 11, 9],
			"faces": {
				"north": {"uv": [0.75, 13, 1.25, 15.25], "texture": "#0"},
				"east": {"uv": [0.75, 13, 1.25, 15.25], "texture": "#0"},
				"south": {"uv": [0.75, 13, 1.25, 15.5], "texture": "#0"},
				"west": {"uv": [0, 0, 2, 9], "texture": "#missing"},
				"up": {"uv": [0, 0, 2, 2], "texture": "#missing"},
				"down": {"uv": [0.25, 15.5, 0.75, 16], "texture": "#0"}
			}
		},
		{
			"from": [13, 10, 10],
			"to": [16, 11, 11],
			"faces": {
				"north": {"uv": [1.5, 13.25, 2.25, 14], "texture": "#0"},
				"east": {"uv": [1.5, 13.25, 2.25, 14], "texture": "#0"},
				"south": {"uv": [1.75, 13.5, 2.5, 14], "texture": "#0"},
				"west": {"uv": [0, 0, 1, 1], "texture": "#missing"},
				"up": {"uv": [1.5, 13.5, 2.5, 13.75], "texture": "#0"},
				"down": {"uv": [1.5, 13.25, 2.25, 14], "texture": "#0"}
			}
		},
		{
			"from": [13, 10, 5],
			"to": [16, 11, 6],
			"faces": {
				"north": {"uv": [1.5, 13.25, 2.25, 14], "texture": "#0"},
				"east": {"uv": [1.5, 13.25, 2.25, 14], "texture": "#0"},
				"south": {"uv": [1.75, 13.5, 2.5, 14], "texture": "#0"},
				"west": {"uv": [0, 0, 1, 1], "texture": "#missing"},
				"up": {"uv": [1.5, 13.5, 2.5, 13.75], "texture": "#0"},
				"down": {"uv": [1.5, 13.25, 2.25, 14], "texture": "#0"}
			}
		},
		{
			"from": [0, 8, 9],
			"to": [3, 9, 10],
			"faces": {
				"north": {"uv": [1.5, 13.25, 2.25, 14], "texture": "#0"},
				"east": {"uv": [1.5, 13.25, 2.25, 14], "texture": "#0"},
				"south": {"uv": [1.75, 13.5, 2.5, 14], "texture": "#0"},
				"west": {"uv": [1.5, 13.5, 2, 14.25], "texture": "#0"},
				"up": {"uv": [1.5, 13.5, 2.5, 13.75], "texture": "#0"},
				"down": {"uv": [1.5, 13.25, 2.25, 14], "texture": "#0"}
			}
		},
		{
			"from": [0, 8, 6],
			"to": [3, 9, 7],
			"faces": {
				"north": {"uv": [1.5, 13.25, 2.25, 14], "texture": "#0"},
				"east": {"uv": [1.5, 13.25, 2.25, 14], "texture": "#0"},
				"south": {"uv": [1.75, 13.5, 2.5, 14], "texture": "#0"},
				"west": {"uv": [1.75, 13.5, 2.25, 14], "texture": "#0"},
				"up": {"uv": [1.5, 13.5, 2.5, 13.75], "texture": "#0"},
				"down": {"uv": [1.5, 13.25, 2.25, 14], "texture": "#0"}
			}
		},
		{
			"from": [4, 3, 2],
			"to": [12, 7, 3],
			"faces": {
				"north": {"uv": [10.25, 8.5, 12.25, 9.5], "texture": "#0"},
				"east": {"uv": [10, 9.75, 10.25, 10.75], "texture": "#0"},
				"south": {"uv": [0, 0, 8, 4], "texture": "#missing"},
				"west": {"uv": [12.25, 9.75, 12.5, 10.75], "texture": "#0"},
				"up": {"uv": [10.25, 9.75, 12.25, 10], "texture": "#0"},
				"down": {"uv": [10.25, 11.75, 12.25, 12], "texture": "#0"}
			}
		},
		{
			"from": [4, 8, 2],
			"to": [12, 12, 3],
			"faces": {
				"north": {"uv": [10.25, 9.75, 12.25, 10.75], "texture": "#0"},
				"east": {"uv": [10, 8.5, 10.25, 9.5], "texture": "#0"},
				"south": {"uv": [0, 0, 8, 4], "texture": "#missing"},
				"west": {"uv": [12.25, 8.5, 12.5, 9.5], "texture": "#0"},
				"up": {"uv": [10.25, 8.5, 12.25, 8.75], "texture": "#0"},
				"down": {"uv": [10.25, 9.25, 12.25, 9.5], "texture": "#0"}
			}
		},
		{
			"from": [7, 5, 1],
			"to": [9, 6, 2],
			"faces": {
				"north": {"uv": [11.25, 12.25, 11.75, 12.5], "texture": "#0"},
				"east": {"uv": [11, 12.25, 11.25, 12.5], "texture": "#0"},
				"south": {"uv": [0, 0, 2, 1], "texture": "#missing"},
				"west": {"uv": [11.75, 12.25, 12, 12.5], "texture": "#0"},
				"up": {"uv": [11.25, 12.25, 11.75, 12.5], "texture": "#0"},
				"down": {"uv": [11.25, 12.25, 11.75, 12.5], "texture": "#0"}
			}
		},
		{
			"from": [7, 10, 1],
			"to": [9, 11, 2],
			"faces": {
				"north": {"uv": [11.25, 12.25, 11.75, 12.5], "texture": "#0"},
				"east": {"uv": [11, 12.25, 11.25, 12.5], "texture": "#0"},
				"south": {"uv": [0, 0, 2, 1], "texture": "#missing"},
				"west": {"uv": [11.75, 12.25, 12, 12.5], "texture": "#0"},
				"up": {"uv": [11.25, 12.25, 11.75, 12.5], "texture": "#0"},
				"down": {"uv": [11.25, 12.25, 11.75, 12.5], "texture": "#0"}
			}
		},
		{
			"from": [4, 2, 13],
			"to": [12, 13, 14],
			"faces": {
				"north": {"uv": [0, 0, 8, 10], "texture": "#missing"},
				"east": {"uv": [14.5, 9.25, 14.75, 12], "texture": "#0"},
				"south": {"uv": [12.75, 9.25, 14.75, 12], "texture": "#0"},
				"west": {"uv": [12.75, 9.25, 13, 12], "texture": "#0"},
				"up": {"uv": [12.75, 9.25, 14.75, 9.5], "texture": "#0"},
				"down": {"uv": [12.75, 11.75, 14.75, 12], "texture": "#0"}
			}
		},
		{
			"from": [6, 8, 14],
			"to": [7, 10, 15],
			"faces": {
				"north": {"uv": [0, 0, 1, 2], "texture": "#missing"},
				"east": {"uv": [11.25, 12, 11.5, 12.5], "texture": "#0"},
				"south": {"uv": [11.25, 12, 11.5, 12.5], "texture": "#0"},
				"west": {"uv": [11.25, 12, 11.5, 12.5], "texture": "#0"},
				"up": {"uv": [11.25, 12, 11.5, 12.25], "texture": "#0"},
				"down": {"uv": [11.25, 12.25, 11.5, 12.5], "texture": "#0"}
			}
		},
		{
			"from": [9, 8, 14],
			"to": [10, 10, 15],
			"faces": {
				"north": {"uv": [0, 0, 1, 2], "texture": "#missing"},
				"east": {"uv": [11.25, 12, 11.5, 12.5], "texture": "#0"},
				"south": {"uv": [11.25, 12, 11.5, 12.5], "texture": "#0"},
				"west": {"uv": [11.25, 12, 11.5, 12.5], "texture": "#0"},
				"up": {"uv": [11.25, 12, 11.5, 12.25], "texture": "#0"},
				"down": {"uv": [11.25, 12.25, 11.5, 12.5], "texture": "#0"}
			}
		},
		{
			"from": [1, 2, 5],
			"to": [2, 5, 6],
			"faces": {
				"north": {"uv": [3.25, 14.75, 3.5, 15.5], "texture": "#0"},
				"east": {"uv": [0, 0, 1, 3], "texture": "#missing"},
				"south": {"uv": [3.25, 14.75, 3.5, 15.5], "texture": "#0"},
				"west": {"uv": [3.25, 14.75, 3.5, 15.5], "texture": "#0"},
				"up": {"uv": [3.5, 14.25, 3.75, 14.5], "texture": "#0"},
				"down": {"uv": [3.25, 15, 3.5, 15.25], "texture": "#0"}
			}
		},
		{
			"from": [1, 4, 6],
			"to": [2, 7, 7],
			"faces": {
				"north": {"uv": [3.25, 14.75, 3.5, 15.5], "texture": "#0"},
				"east": {"uv": [0, 0, 1, 3], "texture": "#missing"},
				"south": {"uv": [3.25, 14.75, 3.5, 15.5], "texture": "#0"},
				"west": {"uv": [3.25, 14.75, 3.5, 15.5], "texture": "#0"},
				"up": {"uv": [3.5, 14.25, 3.75, 14.5], "texture": "#0"},
				"down": {"uv": [3.25, 15, 3.5, 15.25], "texture": "#0"}
			}
		},
		{
			"from": [1, 2, 10],
			"to": [2, 5, 11],
			"faces": {
				"north": {"uv": [3.25, 14.75, 3.5, 15.5], "texture": "#0"},
				"east": {"uv": [0, 0, 1, 3], "texture": "#missing"},
				"south": {"uv": [3.25, 14.75, 3.5, 15.5], "texture": "#0"},
				"west": {"uv": [3.25, 14.75, 3.5, 15.5], "texture": "#0"},
				"up": {"uv": [3.5, 14.25, 3.75, 14.5], "texture": "#0"},
				"down": {"uv": [3.25, 15, 3.5, 15.25], "texture": "#0"}
			}
		},
		{
			"from": [1, 4, 9],
			"to": [2, 7, 10],
			"faces": {
				"north": {"uv": [3.25, 14.75, 3.5, 15.5], "texture": "#0"},
				"east": {"uv": [0, 0, 1, 3], "texture": "#missing"},
				"south": {"uv": [3.25, 14.75, 3.5, 15.5], "texture": "#0"},
				"west": {"uv": [3.25, 14.75, 3.5, 15.5], "texture": "#0"},
				"up": {"uv": [3.5, 14.25, 3.75, 14.5], "texture": "#0"},
				"down": {"uv": [3.25, 15, 3.5, 15.25], "texture": "#0"}
			}
		},
		{
			"from": [1, 6, 7],
			"to": [2, 9, 9],
			"faces": {
				"north": {"uv": [3.25, 14.75, 3.5, 15.5], "texture": "#0"},
				"east": {"uv": [0, 0, 1, 3], "texture": "#missing"},
				"south": {"uv": [3.25, 14.75, 3.5, 15.5], "texture": "#0"},
				"west": {"uv": [3.25, 14.75, 3.5, 15.5], "texture": "#0"},
				"up": {"uv": [3.5, 14.25, 3.75, 14.5], "texture": "#0"},
				"down": {"uv": [3.25, 15, 3.5, 15.25], "texture": "#0"}
			}
		},
		{
			"from": [1, 9, 6],
			"to": [2, 10, 7],
			"faces": {
				"north": {"uv": [3.25, 15.25, 3.5, 15.5], "texture": "#0"},
				"east": {"uv": [0, 0, 1, 3], "texture": "#missing"},
				"south": {"uv": [3.25, 15.25, 3.5, 15.5], "texture": "#0"},
				"west": {"uv": [3.25, 15.25, 3.5, 15.5], "texture": "#0"},
				"up": {"uv": [4, 14, 4.25, 14.25], "texture": "#0"},
				"down": {"uv": [3.25, 15, 3.5, 15.25], "texture": "#0"}
			}
		},
		{
			"from": [1, 9, 9],
			"to": [2, 10, 10],
			"faces": {
				"north": {"uv": [3.25, 15.25, 3.5, 15.5], "texture": "#0"},
				"east": {"uv": [0, 0, 1, 3], "texture": "#missing"},
				"south": {"uv": [3.25, 15.25, 3.5, 15.5], "texture": "#0"},
				"west": {"uv": [3.25, 15.25, 3.5, 15.5], "texture": "#0"},
				"up": {"uv": [4, 14, 4.25, 14.25], "texture": "#0"},
				"down": {"uv": [3.25, 15, 3.5, 15.25], "texture": "#0"}
			}
		},
		{
			"from": [1, 10, 10],
			"to": [2, 11, 11],
			"faces": {
				"north": {"uv": [3.25, 15.25, 3.5, 15.5], "texture": "#0"},
				"east": {"uv": [0, 0, 1, 3], "texture": "#missing"},
				"south": {"uv": [3.25, 15.25, 3.5, 15.5], "texture": "#0"},
				"west": {"uv": [3.25, 15.25, 3.5, 15.5], "texture": "#0"},
				"up": {"uv": [4, 14, 4.25, 14.25], "texture": "#0"},
				"down": {"uv": [3.25, 15, 3.5, 15.25], "texture": "#0"}
			}
		},
		{
			"from": [1, 10, 5],
			"to": [2, 11, 6],
			"faces": {
				"north": {"uv": [3.25, 15.25, 3.5, 15.5], "texture": "#0"},
				"east": {"uv": [0, 0, 1, 3], "texture": "#missing"},
				"south": {"uv": [3.25, 15.25, 3.5, 15.5], "texture": "#0"},
				"west": {"uv": [3.25, 15.25, 3.5, 15.5], "texture": "#0"},
				"up": {"uv": [4, 14, 4.25, 14.25], "texture": "#0"},
				"down": {"uv": [3.25, 15, 3.5, 15.25], "texture": "#0"}
			}
		},
		{
			"from": [1, 11, 10],
			"to": [3, 12, 11],
			"faces": {
				"north": {"uv": [3.25, 15.25, 3.5, 15.5], "texture": "#0"},
				"east": {"uv": [0, 0, 1, 3], "texture": "#missing"},
				"south": {"uv": [3.25, 15.25, 3.5, 15.5], "texture": "#0"},
				"west": {"uv": [3.25, 15.25, 3.5, 15.5], "texture": "#0"},
				"up": {"uv": [4, 14, 4.25, 14.25], "texture": "#0"},
				"down": {"uv": [3.25, 15, 3.5, 15.25], "texture": "#0"}
			}
		},
		{
			"from": [1, 11, 5],
			"to": [3, 12, 6],
			"faces": {
				"north": {"uv": [3.25, 15.25, 3.5, 15.5], "texture": "#0"},
				"east": {"uv": [0, 0, 1, 3], "texture": "#missing"},
				"south": {"uv": [3.25, 15.25, 3.5, 15.5], "texture": "#0"},
				"west": {"uv": [3.25, 15.25, 3.5, 15.5], "texture": "#0"},
				"up": {"uv": [4, 14, 4.25, 14.25], "texture": "#0"},
				"down": {"uv": [3.25, 15, 3.5, 15.25], "texture": "#0"}
			}
		},
		{
			"from": [1, 12, 9],
			"to": [3, 13, 10],
			"faces": {
				"north": {"uv": [6, 13.5, 6.25, 14], "texture": "#0"},
				"east": {"uv": [0, 0, 1, 3], "texture": "#missing"},
				"south": {"uv": [6, 13.5, 6.5, 13.75], "texture": "#0"},
				"west": {"uv": [6.25, 13.25, 6.5, 13.75], "texture": "#0"},
				"up": {"uv": [6, 13.5, 6.5, 13.75], "texture": "#0"},
				"down": {"uv": [6.25, 13.5, 6.5, 13.75], "texture": "#0"}
			}
		},
		{
			"from": [1, 12, 6],
			"to": [3, 13, 7],
			"faces": {
				"north": {"uv": [6, 13.5, 6.25, 14], "texture": "#0"},
				"east": {"uv": [0, 0, 1, 3], "texture": "#missing"},
				"south": {"uv": [6, 13.5, 6.5, 13.75], "texture": "#0"},
				"west": {"uv": [6.25, 13.25, 6.5, 13.75], "texture": "#0"},
				"up": {"uv": [6, 13.5, 6.5, 13.75], "texture": "#0"},
				"down": {"uv": [6.25, 13.5, 6.5, 13.75], "texture": "#0"}
			}
		}
	],
	"display": {
		"thirdperson_righthand": {
			"rotation": [75, 45, 0],
			"translation": [0, 2.5, 0],
			"scale": [0.375, 0.375, 0.375]
		},
		"thirdperson_lefthand": {
			"rotation": [75, 45, 0],
			"translation": [0, 2.5, 0],
			"scale": [0.375, 0.375, 0.375]
		},
		"firstperson_righthand": {
			"rotation": [0, 45, 0],
			"scale": [0.4, 0.4, 0.4]
		},
		"firstperson_lefthand": {
			"rotation": [0, 225, 0],
			"scale": [0.4, 0.4, 0.4]
		},
		"ground": {
			"translation": [0, 3, 0],
			"scale": [0.25, 0.25, 0.25]
		},
		"gui": {
			"rotation": [30, 225, 0],
			"scale": [0.625, 0.625, 0.625]
		},
		"fixed": {
			"scale": [0.5, 0.5, 0.5]
		}
	},
	"groups": [0, 1, 2, 3, 4, 5, 6, 7, 8,
		{
			"name": "group",
			"origin": [8, 8, 8],
			"children": [9, 10,
				{
					"name": "group",
					"origin": [8, 8, 8],
					"children": [11, 12,
						{
							"name": "group",
							"origin": [8, 8, 8],
							"children": [13, 14]
						}
					]
				}
			]
		},
		{
			"name": "Pillars",
			"origin": [8, 8, 8],
			"children": [15, 16, 17, 18, 19, 20, 21, 22]
		},
		{
			"name": "Hammer",
			"origin": [8, 8, 8],
			"children": [23, 24, 25]
		},
		{
			"name": "Hook",
			"origin": [8, 8, 8],
			"children": [26, 27,
				{
					"name": "Hook",
					"origin": [8, 8, 8],
					"children": [28, 29]
				}
			]
		},
		{
			"name": "Drawer",
			"origin": [8, 8, 8],
			"children": [30, 31, 32, 33]
		},
		{
			"name": "Door",
			"origin": [8, 8, 8],
			"children": [34, 35, 36]
		},
		{
			"name": "Tongs",
			"origin": [8, 8, 8],
			"children": [37, 38, 39, 40, 41, 42, 43, 44, 45, 46, 47, 48, 49]
		}
	]
}