{
	"credit": "Made with Blockbench",
	"textures": {
		"0": "block/enchanting_table_side",
		"1": "block/enchanting_table_top",
		"2": "block/enchanting_table_bottom",
		"particle": "block/enchanting_table_side"
	},
	"elements": [
		{
			"from": [2, 7, 16],
			"to": [3, 9, 16],
			"faces": {
				"north": {"uv": [2, 7, 3, 9], "texture": "#0"},
				"east": {"uv": [0, 0, 0, 2], "texture": "#missing"},
				"south": {"uv": [2, 7, 3, 9], "texture": "#0"},
				"west": {"uv": [0, 0, 0, 2], "texture": "#missing"},
				"up": {"uv": [0, 0, 1, 0], "texture": "#missing"},
				"down": {"uv": [0, 0, 1, 0], "texture": "#missing"}
			}
		},
		{
			"from": [2, 0, 1],
			"to": [14, 12, 15],
			"faces": {
				"north": {"uv": [2, 2, 14, 14], "texture": "#2"},
				"east": {"uv": [0, 0, 14, 12], "texture": "#missing"},
				"south": {"uv": [2, 0, 14, 12], "texture": "#2"},
				"west": {"uv": [0, 0, 14, 12], "texture": "#missing"},
				"up": {"uv": [2, 1, 14, 15], "texture": "#1"},
				"down": {"uv": [2, 1, 14, 15], "texture": "#2"}
			}
		},
		{
			"from": [0, 0, 0],
			"to": [2, 12, 2],
			"faces": {
				"north": {"uv": [14, 4, 16, 16], "texture": "#0"},
				"east": {"uv": [14, 4, 16, 16], "texture": "#0"},
				"south": {"uv": [0, 4, 2, 16], "texture": "#0"},
				"west": {"uv": [0, 4, 2, 16], "texture": "#0"},
				"up": {"uv": [0, 0, 2, 2], "texture": "#1"},
				"down": {"uv": [14, 14, 16, 16], "texture": "#2"}
			}
		},
		{
			"from": [0, 0, 14],
			"to": [2, 12, 16],
			"faces": {
				"north": {"uv": [14, 4, 16, 16], "texture": "#0"},
				"east": {"uv": [0, 4, 2, 16], "texture": "#0"},
				"south": {"uv": [0, 4, 2, 16], "texture": "#0"},
				"west": {"uv": [14, 4, 16, 16], "texture": "#0"},
				"up": {"uv": [0, 14, 2, 16], "texture": "#1"},
				"down": {"uv": [0, 14, 2, 16], "texture": "#2"}
			}
		},
		{
			"from": [14, 0, 0],
			"to": [16, 12, 2],
			"rotation": {"angle": 0, "axis": "y", "origin": [22, 8, 8]},
			"faces": {
				"north": {"uv": [0, 4, 2, 16], "texture": "#0"},
				"east": {"uv": [14, 4, 16, 16], "texture": "#0"},
				"south": {"uv": [14, 4, 16, 16], "texture": "#0"},
				"west": {"uv": [0, 4, 2, 16], "texture": "#0"},
				"up": {"uv": [14, 0, 16, 2], "texture": "#1"},
				"down": {"uv": [14, 0, 16, 2], "texture": "#2"}
			}
		},
		{
			"from": [14, 0, 14],
			"to": [16, 12, 16],
			"rotation": {"angle": 0, "axis": "y", "origin": [22, 8, 8]},
			"faces": {
				"north": {"uv": [0, 4, 2, 16], "texture": "#0"},
				"east": {"uv": [0, 4, 2, 16], "texture": "#0"},
				"south": {"uv": [14, 4, 16, 16], "texture": "#0"},
				"west": {"uv": [14, 4, 16, 16], "texture": "#0"},
				"up": {"uv": [14, 14, 16, 16], "texture": "#1"},
				"down": {"uv": [0, 0, 2, 2], "texture": "#2"}
			}
		},
		{
			"from": [1, 0, 2],
			"to": [2, 12, 14],
			"faces": {
				"north": {"uv": [0, 0, 1, 12], "texture": "#missing"},
				"east": {"uv": [0, 0, 12, 12], "texture": "#missing"},
				"south": {"uv": [0, 0, 1, 12], "texture": "#missing"},
				"west": {"uv": [2, 4, 14, 16], "texture": "#2"},
				"up": {"uv": [14, 2, 15, 14], "texture": "#1"},
				"down": {"uv": [0, 2, 1, 14], "texture": "#2"}
			}
		},
		{
			"from": [14, 0, 2],
			"to": [15, 12, 14],
			"faces": {
				"north": {"uv": [0, 0, 1, 12], "texture": "#missing"},
				"east": {"uv": [2, 4, 14, 16], "texture": "#2"},
				"south": {"uv": [0, 0, 1, 12], "texture": "#missing"},
				"west": {"uv": [0, 0, 12, 12], "texture": "#missing"},
				"up": {"uv": [1, 2, 2, 14], "texture": "#1"},
				"down": {"uv": [15, 2, 16, 14], "texture": "#2"}
			}
		},
		{
			"from": [0, 12, 2],
			"to": [1, 12, 14],
			"faces": {
				"north": {"uv": [0, 0, 1, 0], "texture": "#missing"},
				"east": {"uv": [0, 0, 12, 0], "texture": "#missing"},
				"south": {"uv": [0, 0, 1, 0], "texture": "#missing"},
				"west": {"uv": [0, 0, 12, 0], "texture": "#missing"},
				"up": {"uv": [0, 2, 1, 14], "texture": "#1"},
				"down": {"uv": [15, 2, 16, 14], "texture": "#1"}
			}
		},
		{
			"from": [15, 12, 2],
			"to": [16, 12, 14],
			"faces": {
				"north": {"uv": [0, 0, 1, 0], "texture": "#missing"},
				"east": {"uv": [0, 0, 12, 0], "texture": "#missing"},
				"south": {"uv": [0, 0, 1, 0], "texture": "#missing"},
				"west": {"uv": [0, 0, 12, 0], "texture": "#missing"},
				"up": {"uv": [15, 2, 16, 14], "texture": "#1"},
				"down": {"uv": [0, 2, 1, 14], "texture": "#1"}
			}
		},
		{
			"from": [2, 12, 15],
			"to": [14, 12, 16],
			"faces": {
				"north": {"uv": [0, 0, 1, 0], "texture": "#missing"},
				"east": {"uv": [0, 0, 12, 0], "texture": "#missing"},
				"south": {"uv": [0, 0, 1, 0], "texture": "#missing"},
				"west": {"uv": [0, 0, 12, 0], "texture": "#missing"},
				"up": {"uv": [2, 0, 14, 1], "texture": "#1"},
				"down": {"uv": [2, 15, 14, 16], "texture": "#1"}
			}
		},
		{
			"from": [2, 12, 0],
			"to": [14, 12, 1],
			"faces": {
				"north": {"uv": [0, 0, 1, 0], "texture": "#missing"},
				"east": {"uv": [0, 0, 12, 0], "texture": "#missing"},
				"south": {"uv": [0, 0, 1, 0], "texture": "#missing"},
				"west": {"uv": [0, 0, 12, 0], "texture": "#missing"},
				"up": {"uv": [2, 0, 14, 1], "texture": "#1"},
				"down": {"uv": [2, 0, 14, 1], "texture": "#1"}
			}
		},
		{
			"from": [2, 0, 0],
			"to": [14, 2, 1],
			"faces": {
				"north": {"uv": [2, 4, 14, 6], "texture": "#2"},
				"east": {"uv": [0, 0, 1, 1], "texture": "#missing"},
				"south": {"uv": [0, 0, 12, 1], "texture": "#missing"},
				"west": {"uv": [0, 0, 1, 1], "texture": "#missing"},
				"up": {"uv": [4, 12, 16, 13], "texture": "#2"},
				"down": {"uv": [0, 9, 12, 10], "texture": "#2"}
			}
		},
		{
			"from": [2, 0, 15],
			"to": [14, 2, 16],
			"faces": {
				"north": {"uv": [2, 4, 14, 6], "texture": "#missing"},
				"east": {"uv": [0, 0, 1, 1], "texture": "#missing"},
				"south": {"uv": [4, 2, 16, 4], "texture": "#2"},
				"west": {"uv": [0, 0, 1, 1], "texture": "#missing"},
				"up": {"uv": [1, 13, 13, 14], "texture": "#2"},
				"down": {"uv": [2, 15, 14, 16], "texture": "#2"}
			}
		},
		{
			"from": [0, 0, 2],
			"to": [1, 2, 14],
			"faces": {
				"north": {"uv": [0, 0, 1, 2], "texture": "#missing"},
				"east": {"uv": [0, 0, 12, 2], "texture": "#missing"},
				"south": {"uv": [0, 0, 1, 2], "texture": "#missing"},
				"west": {"uv": [0, 9, 12, 11], "texture": "#2"},
				"up": {"uv": [10, 0, 11, 12], "texture": "#2"},
				"down": {"uv": [0, 2, 1, 14], "texture": "#2"}
			}
		},
		{
			"from": [15, 0, 2],
			"to": [16, 2, 14],
			"faces": {
				"north": {"uv": [0, 0, 1, 2], "texture": "#missing"},
				"east": {"uv": [0, 6, 12, 8], "texture": "#2"},
				"south": {"uv": [0, 0, 1, 2], "texture": "#missing"},
				"west": {"uv": [0, 9, 12, 11], "texture": "#missing"},
				"up": {"uv": [9, 1, 10, 13], "texture": "#2"},
				"down": {"uv": [6, 4, 7, 16], "texture": "#2"}
			}
		},
		{
			"from": [2, 9, 0],
			"to": [14, 12, 0],
			"faces": {
				"north": {"uv": [2, 4, 14, 7], "texture": "#0"},
				"east": {"uv": [0, 0, 0, 4], "texture": "#missing"},
				"south": {"uv": [2, 4, 14, 7], "texture": "#0"},
				"west": {"uv": [0, 0, 0, 4], "texture": "#missing"},
				"up": {"uv": [0, 0, 12, 0], "texture": "#missing"},
				"down": {"uv": [0, 0, 12, 0], "texture": "#missing"}
			}
		},
		{
			"from": [2, 9, 16],
			"to": [14, 12, 16],
			"faces": {
				"north": {"uv": [2, 4, 14, 7], "texture": "#0"},
				"east": {"uv": [0, 0, 0, 4], "texture": "#missing"},
				"south": {"uv": [2, 4, 14, 7], "texture": "#0"},
				"west": {"uv": [0, 0, 0, 4], "texture": "#missing"},
				"up": {"uv": [0, 0, 12, 0], "texture": "#missing"},
				"down": {"uv": [0, 0, 12, 0], "texture": "#missing"}
			}
		},
		{
			"from": [2, 7, 0],
			"to": [3, 9, 0],
			"faces": {
				"north": {"uv": [2, 7, 3, 9], "texture": "#0"},
				"east": {"uv": [0, 0, 0, 2], "texture": "#missing"},
				"south": {"uv": [2, 7, 3, 9], "texture": "#0"},
				"west": {"uv": [0, 0, 0, 2], "texture": "#missing"},
				"up": {"uv": [0, 0, 1, 0], "texture": "#missing"},
				"down": {"uv": [0, 0, 1, 0], "texture": "#missing"}
			}
		},
		{
			"from": [3, 8, 0],
			"to": [5, 9, 0],
			"faces": {
				"north": {"uv": [3, 7, 5, 8], "texture": "#0"},
				"east": {"uv": [0, 0, 0, 2], "texture": "#missing"},
				"south": {"uv": [3, 7, 5, 8], "texture": "#0"},
				"west": {"uv": [0, 0, 0, 2], "texture": "#missing"},
				"up": {"uv": [0, 0, 1, 0], "texture": "#missing"},
				"down": {"uv": [0, 0, 1, 0], "texture": "#missing"}
			}
		},
		{
			"from": [11, 8, 0],
			"to": [13, 9, 0],
			"faces": {
				"north": {"uv": [3, 7, 5, 8], "texture": "#0"},
				"east": {"uv": [0, 0, 0, 2], "texture": "#missing"},
				"south": {"uv": [3, 7, 5, 8], "texture": "#0"},
				"west": {"uv": [0, 0, 0, 2], "texture": "#missing"},
				"up": {"uv": [0, 0, 1, 0], "texture": "#missing"},
				"down": {"uv": [0, 0, 1, 0], "texture": "#missing"}
			}
		},
		{
			"from": [11, 8, 16],
			"to": [13, 9, 16],
			"faces": {
				"north": {"uv": [3, 7, 5, 8], "texture": "#0"},
				"east": {"uv": [0, 0, 0, 2], "texture": "#missing"},
				"south": {"uv": [3, 7, 5, 8], "texture": "#0"},
				"west": {"uv": [0, 0, 0, 2], "texture": "#missing"},
				"up": {"uv": [0, 0, 1, 0], "texture": "#missing"},
				"down": {"uv": [0, 0, 1, 0], "texture": "#missing"}
			}
		},
		{
			"from": [3, 8, 16],
			"to": [5, 9, 16],
			"faces": {
				"north": {"uv": [3, 7, 5, 8], "texture": "#0"},
				"east": {"uv": [0, 0, 0, 2], "texture": "#missing"},
				"south": {"uv": [3, 7, 5, 8], "texture": "#0"},
				"west": {"uv": [0, 0, 0, 2], "texture": "#missing"},
				"up": {"uv": [0, 0, 1, 0], "texture": "#missing"},
				"down": {"uv": [0, 0, 1, 0], "texture": "#missing"}
			}
		},
		{
			"from": [13, 7, 0],
			"to": [14, 9, 0],
			"faces": {
				"north": {"uv": [2, 7, 3, 9], "texture": "#0"},
				"east": {"uv": [0, 0, 0, 2], "texture": "#missing"},
				"south": {"uv": [2, 7, 3, 9], "texture": "#0"},
				"west": {"uv": [0, 0, 0, 2], "texture": "#missing"},
				"up": {"uv": [0, 0, 1, 0], "texture": "#missing"},
				"down": {"uv": [0, 0, 1, 0], "texture": "#missing"}
			}
		},
		{
			"from": [13, 7, 16],
			"to": [14, 9, 16],
			"faces": {
				"north": {"uv": [2, 7, 3, 9], "texture": "#0"},
				"east": {"uv": [0, 0, 0, 2], "texture": "#missing"},
				"south": {"uv": [2, 7, 3, 9], "texture": "#0"},
				"west": {"uv": [0, 0, 0, 2], "texture": "#missing"},
				"up": {"uv": [0, 0, 1, 0], "texture": "#missing"},
				"down": {"uv": [0, 0, 1, 0], "texture": "#missing"}
			}
		},
		{
			"from": [0, 9, 2],
			"to": [0, 12, 14],
			"faces": {
				"north": {"uv": [0, 0, 0, 3], "texture": "#missing"},
				"east": {"uv": [2, 4, 14, 7], "texture": "#0"},
				"south": {"uv": [0, 0, 0, 3], "texture": "#missing"},
				"west": {"uv": [2, 4, 14, 7], "texture": "#0"},
				"up": {"uv": [0, 0, 0, 12], "texture": "#missing"},
				"down": {"uv": [0, 0, 0, 12], "texture": "#missing"}
			}
		},
		{
			"from": [16, 9, 2],
			"to": [16, 12, 14],
			"faces": {
				"north": {"uv": [0, 0, 0, 3], "texture": "#missing"},
				"east": {"uv": [2, 4, 14, 7], "texture": "#0"},
				"south": {"uv": [0, 0, 0, 3], "texture": "#missing"},
				"west": {"uv": [2, 4, 14, 7], "texture": "#0"},
				"up": {"uv": [0, 0, 0, 12], "texture": "#missing"},
				"down": {"uv": [0, 0, 0, 12], "texture": "#missing"}
			}
		},
		{
			"from": [0, 7, 2],
			"to": [0, 9, 3],
			"faces": {
				"north": {"uv": [0, 0, 0, 3], "texture": "#missing"},
				"east": {"uv": [2, 7, 3, 9], "texture": "#0"},
				"south": {"uv": [0, 0, 0, 3], "texture": "#missing"},
				"west": {"uv": [2, 7, 3, 9], "texture": "#0"},
				"up": {"uv": [0, 0, 0, 12], "texture": "#missing"},
				"down": {"uv": [0, 0, 0, 12], "texture": "#missing"}
			}
		},
		{
			"from": [0, 7, 13],
			"to": [0, 9, 14],
			"faces": {
				"north": {"uv": [0, 0, 0, 3], "texture": "#missing"},
				"east": {"uv": [2, 7, 3, 9], "texture": "#0"},
				"south": {"uv": [0, 0, 0, 3], "texture": "#missing"},
				"west": {"uv": [2, 7, 3, 9], "texture": "#0"},
				"up": {"uv": [0, 0, 0, 12], "texture": "#missing"},
				"down": {"uv": [0, 0, 0, 12], "texture": "#missing"}
			}
		},
		{
			"from": [16, 7, 2],
			"to": [16, 9, 3],
			"faces": {
				"north": {"uv": [0, 0, 0, 3], "texture": "#missing"},
				"east": {"uv": [2, 7, 3, 9], "texture": "#0"},
				"south": {"uv": [0, 0, 0, 3], "texture": "#missing"},
				"west": {"uv": [2, 7, 3, 9], "texture": "#0"},
				"up": {"uv": [0, 0, 0, 12], "texture": "#missing"},
				"down": {"uv": [0, 0, 0, 12], "texture": "#missing"}
			}
		},
		{
			"from": [16, 7, 13],
			"to": [16, 9, 14],
			"faces": {
				"north": {"uv": [0, 0, 0, 3], "texture": "#missing"},
				"east": {"uv": [2, 7, 3, 9], "texture": "#0"},
				"south": {"uv": [0, 0, 0, 3], "texture": "#missing"},
				"west": {"uv": [2, 7, 3, 9], "texture": "#0"},
				"up": {"uv": [0, 0, 0, 12], "texture": "#missing"},
				"down": {"uv": [0, 0, 0, 12], "texture": "#missing"}
			}
		},
		{
			"from": [16, 8, 11],
			"to": [16, 9, 13],
			"faces": {
				"north": {"uv": [0, 0, 0, 3], "texture": "#missing"},
				"east": {"uv": [3, 7, 5, 8], "texture": "#0"},
				"south": {"uv": [0, 0, 0, 3], "texture": "#missing"},
				"west": {"uv": [3, 7, 5, 8], "texture": "#0"},
				"up": {"uv": [0, 0, 0, 12], "texture": "#missing"},
				"down": {"uv": [0, 0, 0, 12], "texture": "#missing"}
			}
		},
		{
			"from": [16, 8, 3],
			"to": [16, 9, 5],
			"faces": {
				"north": {"uv": [0, 0, 0, 3], "texture": "#missing"},
				"east": {"uv": [3, 7, 5, 8], "texture": "#0"},
				"south": {"uv": [0, 0, 0, 3], "texture": "#missing"},
				"west": {"uv": [3, 7, 5, 8], "texture": "#0"},
				"up": {"uv": [0, 0, 0, 12], "texture": "#missing"},
				"down": {"uv": [0, 0, 0, 12], "texture": "#missing"}
			}
		},
		{
			"from": [0, 8, 3],
			"to": [0, 9, 5],
			"faces": {
				"north": {"uv": [0, 0, 0, 3], "texture": "#missing"},
				"east": {"uv": [3, 7, 5, 8], "texture": "#0"},
				"south": {"uv": [0, 0, 0, 3], "texture": "#missing"},
				"west": {"uv": [3, 7, 5, 8], "texture": "#0"},
				"up": {"uv": [0, 0, 0, 12], "texture": "#missing"},
				"down": {"uv": [0, 0, 0, 12], "texture": "#missing"}
			}
		},
		{
			"from": [0, 8, 11],
			"to": [0, 9, 13],
			"faces": {
				"north": {"uv": [0, 0, 0, 3], "texture": "#missing"},
				"east": {"uv": [3, 7, 5, 8], "texture": "#0"},
				"south": {"uv": [0, 0, 0, 3], "texture": "#missing"},
				"west": {"uv": [3, 7, 5, 8], "texture": "#0"},
				"up": {"uv": [0, 0, 0, 12], "texture": "#missing"},
				"down": {"uv": [0, 0, 0, 12], "texture": "#missing"}
			}
		}
	],
	"display": {
		"thirdperson_righthand": {
			"rotation": [75, 45, 0],
			"translation": [0, 2.5, 0],
			"scale": [0.375, 0.375, 0.375]
		},
		"thirdperson_lefthand": {
			"rotation": [75, 45, 0],
			"translation": [0, 2.5, 0],
			"scale": [0.375, 0.375, 0.375]
		},
		"firstperson_righthand": {
			"rotation": [0, 45, 0],
			"scale": [0.4, 0.4, 0.4]
		},
		"firstperson_lefthand": {
			"rotation": [0, 225, 0],
			"scale": [0.4, 0.4, 0.4]
		},
		"ground": {
			"translation": [0, 3, 0],
			"scale": [0.25, 0.25, 0.25]
		},
		"gui": {
			"rotation": [30, 225, 0],
			"scale": [0.625, 0.625, 0.625]
		},
		"head": {
			"translation": [0, 14.75, 0]
		},
		"fixed": {
			"scale": [0.5, 0.5, 0.5]
		}
	},
	"groups": [
		{
			"name": "group",
			"origin": [8, 8, 8],
			"children": [0, 1, 2, 3, 4, 5, 6, 7, 8, 9, 10, 11, 12, 13, 14, 15, 16, 17, 18, 19, 20, 21, 22, 23, 24]
		}, 25, 26, 27, 28, 29, 30, 31, 32, 33, 34]
}