{
	"credit": "Made with Blockbench",
	"textures": {
		"0": "block/furnace_3d",
		"particle": "block/furnace_front"
	},
	"elements": [
		{
			"from": [0, 15, 0],
			"to": [16, 16, 16],
			"rotation": {"angle": 0, "axis": "y", "origin": [8, 23, 8]},
			"faces": {
				"north": {"uv": [8, 12, 12, 12.25], "texture": "#0"},
				"east": {"uv": [4, 12, 8, 12.25], "texture": "#0"},
				"south": {"uv": [0, 12, 4, 12.25], "texture": "#0"},
				"west": {"uv": [12, 12, 16, 12.25], "texture": "#0"},
				"up": {"uv": [0, 8, 4, 12], "texture": "#0"},
				"down": {"uv": [0, 0, 4, 4], "texture": "#0"}
			}
		},
		{
			"from": [0, 0, 0],
			"to": [16, 1, 16],
			"faces": {
				"north": {"uv": [8, 15.75, 12, 16], "texture": "#0"},
				"east": {"uv": [4, 15.75, 8, 16], "texture": "#0"},
				"south": {"uv": [0, 15.75, 4, 16], "texture": "#0"},
				"west": {"uv": [12, 15.75, 16, 16], "texture": "#0"},
				"up": {"uv": [0, 0, 4, 4], "texture": "#0"},
				"down": {"uv": [0, 8, 4, 12], "texture": "#0"}
			}
		},
		{
			"from": [15, 1, 0],
			"to": [16, 15, 16],
			"rotation": {"angle": 0, "axis": "y", "origin": [23, 9, 8]},
			"faces": {
				"north": {"uv": [8, 12.25, 8.25, 15.75], "texture": "#0"},
				"east": {"uv": [4, 12.25, 8, 15.75], "texture": "#0"},
				"south": {"uv": [3.75, 12.25, 4, 15.75], "texture": "#0"},
				"west": {"uv": [4, 8.25, 8, 11.75], "texture": "#0"},
				"up": {"uv": [0, 0, 1, 16], "texture": "#missing"},
				"down": {"uv": [0, 0, 1, 16], "texture": "#missing"}
			}
		},
		{
			"from": [0, 1, 0],
			"to": [1, 15, 16],
			"rotation": {"angle": 0, "axis": "y", "origin": [8, 9, 8]},
			"faces": {
				"north": {"uv": [11.75, 12.25, 12, 15.75], "texture": "#0"},
				"east": {"uv": [12, 8.25, 16, 11.75], "texture": "#0"},
				"south": {"uv": [0, 12.25, 0.25, 15.75], "texture": "#0"},
				"west": {"uv": [12, 12.25, 16, 15.75], "texture": "#0"},
				"up": {"uv": [0, 0, 1, 16], "texture": "#missing"},
				"down": {"uv": [0, 0, 1, 16], "texture": "#missing"}
			}
		},
		{
			"from": [1, 1, 15],
			"to": [15, 15, 16],
			"rotation": {"angle": 0, "axis": "y", "origin": [11, 9, 23]},
			"faces": {
				"north": {"uv": [8.25, 8.25, 11.75, 11.75], "texture": "#0"},
				"east": {"uv": [0, 0, 1, 14], "texture": "#missing"},
				"south": {"uv": [8.25, 12.25, 11.75, 15.75], "texture": "#0"},
				"west": {"uv": [0, 0, 1, 14], "texture": "#missing"},
				"up": {"uv": [0, 0, 14, 1], "texture": "#missing"},
				"down": {"uv": [0, 0, 14, 1], "texture": "#missing"}
			}
		},
		{
			"from": [1, 1, 0],
			"to": [15, 3, 3],
			"rotation": {"angle": 0, "axis": "y", "origin": [9, 9, 8]},
			"faces": {
				"north": {"uv": [0.25, 15.25, 3.75, 15.75], "texture": "#0"},
				"east": {"uv": [0, 0, 1, 2], "texture": "#missing"},
				"south": {"uv": [4.25, 11.25, 7.75, 11.75], "texture": "#0"},
				"west": {"uv": [0, 0, 1, 2], "texture": "#missing"},
				"up": {"uv": [0.25, 10.75, 3.75, 11.5], "texture": "#0"},
				"down": {"uv": [0, 0, 14, 1], "texture": "#missing"}
			}
		},
		{
			"from": [6, 3, 1],
			"to": [7, 6, 2],
			"rotation": {"angle": 0, "axis": "y", "origin": [14, 11, 9]},
			"faces": {
				"north": {"uv": [3, 14.5, 3.25, 15.25], "texture": "#0"},
				"east": {"uv": [1.5, 14.5, 1.75, 15.25], "texture": "#0"},
				"south": {"uv": [0.75, 14.5, 1, 15.25], "texture": "#0"},
				"west": {"uv": [2.25, 14.5, 2.5, 15.25], "texture": "#0"},
				"up": {"uv": [0, 0, 1, 1], "texture": "#missing"},
				"down": {"uv": [0, 0, 1, 1], "texture": "#missing"}
			}
		},
		{
			"from": [9, 3, 1],
			"to": [10, 6, 2],
			"rotation": {"angle": 0, "axis": "y", "origin": [17, 11, 9]},
			"faces": {
				"north": {"uv": [1.5, 14.5, 1.75, 15.25], "texture": "#0"},
				"east": {"uv": [1.5, 14.5, 1.75, 15.25], "texture": "#0"},
				"south": {"uv": [0.75, 14.5, 1, 15.25], "texture": "#0"},
				"west": {"uv": [2.25, 14.5, 2.5, 15.25], "texture": "#0"},
				"up": {"uv": [0, 0, 1, 1], "texture": "#missing"},
				"down": {"uv": [0, 0, 1, 1], "texture": "#missing"}
			}
		},
		{
			"from": [12, 3, 1],
			"to": [13, 6, 2],
			"rotation": {"angle": 0, "axis": "y", "origin": [20, 11, 9]},
			"faces": {
				"north": {"uv": [0.75, 14.5, 1, 15.25], "texture": "#0"},
				"east": {"uv": [1.5, 14.5, 1.75, 15.25], "texture": "#0"},
				"south": {"uv": [0.75, 14.5, 1, 15.25], "texture": "#0"},
				"west": {"uv": [2.25, 14.5, 2.5, 15.25], "texture": "#0"},
				"up": {"uv": [0, 0, 1, 1], "texture": "#missing"},
				"down": {"uv": [0, 0, 1, 1], "texture": "#missing"}
			}
		},
		{
			"from": [3, 3, 1],
			"to": [4, 6, 2],
			"rotation": {"angle": 0, "axis": "y", "origin": [11, 11, 9]},
			"faces": {
				"north": {"uv": [3, 14.5, 3.25, 15.25], "texture": "#0"},
				"east": {"uv": [1.5, 14.5, 1.75, 15.25], "texture": "#0"},
				"south": {"uv": [0.75, 14.5, 1, 15.25], "texture": "#0"},
				"west": {"uv": [2.25, 14.5, 2.5, 15.25], "texture": "#0"},
				"up": {"uv": [0, 0, 1, 1], "texture": "#missing"},
				"down": {"uv": [0, 0, 1, 1], "texture": "#missing"}
			}
		},
		{
			"from": [1, 3, 0],
			"to": [3, 15, 3],
			"rotation": {"angle": 0, "axis": "y", "origin": [9, 11, 8]},
			"faces": {
				"north": {"uv": [3.25, 12.25, 3.75, 15.25], "texture": "#0"},
				"east": {"uv": [3, 8, 3.75, 11], "texture": "#0"},
				"south": {"uv": [4.25, 8.25, 4.75, 11.25], "texture": "#0"},
				"west": {"uv": [0, 0, 3, 12], "texture": "#0"},
				"up": {"uv": [0, 0, 2, 3], "texture": "#0"},
				"down": {"uv": [0, 0, 2, 3], "texture": "#0"}
			}
		},
		{
			"from": [13, 3, 0],
			"to": [15, 15, 3],
			"rotation": {"angle": 0, "axis": "y", "origin": [21, 11, 8]},
			"faces": {
				"north": {"uv": [0.25, 12.25, 0.75, 15.25], "texture": "#0"},
				"east": {"uv": [3, 8.25, 3.75, 11.75], "texture": "#0"},
				"south": {"uv": [7.25, 8.25, 7.75, 11.25], "texture": "#0"},
				"west": {"uv": [0.25, 8, 1, 11], "texture": "#0"},
				"up": {"uv": [0, 0, 2, 3], "texture": "#0"},
				"down": {"uv": [0, 0, 2, 3], "texture": "#0"}
			}
		},
		{
			"from": [3, 13, 0],
			"to": [13, 15, 3],
			"rotation": {"angle": 0, "axis": "y", "origin": [11, 22, 8]},
			"faces": {
				"north": {"uv": [0.75, 12.25, 3.25, 12.75], "texture": "#0"},
				"east": {"uv": [0, 0, 3, 2], "texture": "#0"},
				"south": {"uv": [4.75, 8.25, 7.25, 8.75], "texture": "#0"},
				"west": {"uv": [0, 0, 3, 2], "texture": "#0"},
				"up": {"uv": [0, 2.25, 7, 4.5], "texture": "#0"},
				"down": {"uv": [0.75, 11.25, 3.25, 11.75], "texture": "#0"}
			}
		},
		{
			"from": [3, 6, 0],
			"to": [13, 8, 3],
			"rotation": {"angle": 0, "axis": "y", "origin": [11, 15, 8]},
			"faces": {
				"north": {"uv": [0.75, 12.25, 3.25, 12.75], "texture": "#0"},
				"east": {"uv": [0, 0, 3, 2], "texture": "#0"},
				"south": {"uv": [4.75, 10, 7.25, 10.5], "texture": "#0"},
				"west": {"uv": [0, 0, 3, 2], "texture": "#0"},
				"up": {"uv": [0.75, 8.25, 3.25, 9], "texture": "#0"},
				"down": {"uv": [0.75, 11.25, 3.25, 11.75], "texture": "#0"}
			}
		},
		{
			"from": [3, 12, 0],
			"to": [4, 13, 3],
			"rotation": {"angle": 0, "axis": "y", "origin": [11, 20, 8]},
			"faces": {
				"north": {"uv": [3, 12.75, 3.25, 13], "texture": "#0"},
				"east": {"uv": [1.75, 8.25, 2.5, 8.5], "texture": "#0"},
				"south": {"uv": [5, 8.75, 5.25, 9], "texture": "#0"},
				"west": {"uv": [0, 0, 3, 1], "texture": "#0"},
				"up": {"uv": [0, 0, 1, 3], "texture": "#0"},
				"down": {"uv": [3, 8.25, 3.25, 9], "texture": "#0"}
			}
		},
		{
			"from": [12, 12, 0],
			"to": [13, 13, 3],
			"rotation": {"angle": 0, "axis": "y", "origin": [20, 20, 8]},
			"faces": {
				"north": {"uv": [3, 12.75, 3.25, 13], "texture": "#0"},
				"east": {"uv": [1.75, 8.25, 2.5, 8.5], "texture": "#0"},
				"south": {"uv": [6.75, 9, 7, 9.25], "texture": "#0"},
				"west": {"uv": [1.5, 8.25, 2.25, 8.5], "texture": "#0"},
				"up": {"uv": [0, 0, 1, 3], "texture": "#0"},
				"down": {"uv": [3, 8.25, 3.25, 9], "texture": "#0"}
			}
		},
		{
			"from": [14, 7, 3],
			"to": [15, 8, 15],
			"rotation": {"angle": 0, "axis": "y", "origin": [22, 15, 11]},
			"faces": {
				"north": {"uv": [0, 0, 1, 1], "texture": "#0"},
				"east": {"uv": [0.5, 7.5, 3.25, 7.75], "texture": "#0"},
				"south": {"uv": [0, 0, 1, 1], "texture": "#0"},
				"west": {"uv": [0, 4.5, 0.25, 7.5], "texture": "#0"},
				"up": {"uv": [0.25, 4.5, 0.5, 7.5], "texture": "#0"},
				"down": {"uv": [0, 4.5, 0.25, 7.25], "texture": "#0"}
			}
		},
		{
			"from": [1, 7, 3],
			"to": [2, 8, 15],
			"rotation": {"angle": 0, "axis": "y", "origin": [9, 15, 11]},
			"faces": {
				"north": {"uv": [0, 0, 1, 1], "texture": "#0"},
				"east": {"uv": [0.5, 7.5, 3.25, 7.75], "texture": "#0"},
				"south": {"uv": [0, 0, 1, 1], "texture": "#0"},
				"west": {"uv": [0, 4.5, 0.25, 7.5], "texture": "#0"},
				"up": {"uv": [0.25, 4.5, 0.5, 7.5], "texture": "#0"},
				"down": {"uv": [0, 4.5, 0.25, 7.25], "texture": "#0"}
			}
		},
		{
			"from": [2, 7, 4],
			"to": [14, 8, 5],
			"rotation": {"angle": 0, "axis": "y", "origin": [10, 15, 12]},
			"faces": {
				"north": {"uv": [0.5, 7.75, 3.75, 8], "texture": "#0"},
				"east": {"uv": [0, 0, 1, 1], "texture": "#0"},
				"south": {"uv": [0.5, 7.5, 3.75, 7.75], "texture": "#0"},
				"west": {"uv": [0, 0, 1, 1], "texture": "#0"},
				"up": {"uv": [0.75, 7.5, 3.5, 7.75], "texture": "#0"},
				"down": {"uv": [0.5, 7.75, 4, 8], "texture": "#0"}
			}
		},
		{
			"from": [2, 7, 6],
			"to": [14, 8, 7],
			"rotation": {"angle": 0, "axis": "y", "origin": [10, 15, 14]},
			"faces": {
				"north": {"uv": [0.5, 7.75, 3.75, 8], "texture": "#0"},
				"east": {"uv": [0, 0, 1, 1], "texture": "#0"},
				"south": {"uv": [0.5, 7.5, 3.75, 7.75], "texture": "#0"},
				"west": {"uv": [0, 0, 1, 1], "texture": "#0"},
				"up": {"uv": [0.75, 7.5, 3.5, 7.75], "texture": "#0"},
				"down": {"uv": [0.5, 7.75, 4, 8], "texture": "#0"}
			}
		},
		{
			"from": [2, 7, 8],
			"to": [14, 8, 9],
			"rotation": {"angle": 0, "axis": "y", "origin": [10, 15, 16]},
			"faces": {
				"north": {"uv": [0.5, 7.75, 3.75, 8], "texture": "#0"},
				"east": {"uv": [0, 0, 1, 1], "texture": "#0"},
				"south": {"uv": [0.5, 7.5, 3.75, 7.75], "texture": "#0"},
				"west": {"uv": [0, 0, 1, 1], "texture": "#0"},
				"up": {"uv": [0.75, 7.5, 3.5, 7.75], "texture": "#0"},
				"down": {"uv": [0.5, 7.75, 4, 8], "texture": "#0"}
			}
		},
		{
			"from": [2, 7, 10],
			"to": [14, 8, 11],
			"rotation": {"angle": 0, "axis": "y", "origin": [10, 15, 18]},
			"faces": {
				"north": {"uv": [0.5, 7.75, 3.75, 8], "texture": "#0"},
				"east": {"uv": [0, 0, 1, 1], "texture": "#0"},
				"south": {"uv": [0.5, 7.5, 3.75, 7.75], "texture": "#0"},
				"west": {"uv": [0, 0, 1, 1], "texture": "#0"},
				"up": {"uv": [0.75, 7.5, 3.5, 7.75], "texture": "#0"},
				"down": {"uv": [0.5, 7.75, 4, 8], "texture": "#0"}
			}
		},
		{
			"from": [2, 7, 12],
			"to": [14, 8, 13],
			"rotation": {"angle": 0, "axis": "y", "origin": [10, 15, 20]},
			"faces": {
				"north": {"uv": [0.5, 7.75, 3.75, 8], "texture": "#0"},
				"east": {"uv": [0, 0, 1, 1], "texture": "#0"},
				"south": {"uv": [0.5, 7.5, 3.75, 7.75], "texture": "#0"},
				"west": {"uv": [0, 0, 1, 1], "texture": "#0"},
				"up": {"uv": [0.75, 7.5, 3.5, 7.75], "texture": "#0"},
				"down": {"uv": [0.5, 7.75, 4, 8], "texture": "#0"}
			}
		},
		{
			"from": [2, 7, 14],
			"to": [14, 8, 15],
			"rotation": {"angle": 0, "axis": "y", "origin": [10, 15, 22]},
			"faces": {
				"north": {"uv": [0.5, 7.75, 3.75, 8], "texture": "#0"},
				"east": {"uv": [0, 0, 1, 1], "texture": "#0"},
				"south": {"uv": [0.5, 7.5, 3.75, 7.75], "texture": "#0"},
				"west": {"uv": [0, 0, 1, 1], "texture": "#0"},
				"up": {"uv": [0.75, 7.5, 3.5, 7.75], "texture": "#0"},
				"down": {"uv": [0.5, 7.75, 4, 8], "texture": "#0"}
			}
		}
	],
	"display": {
		"thirdperson_righthand": {
			"rotation": [75, 45, 0],
			"translation": [0, 2.5, 0],
			"scale": [0.375, 0.375, 0.375]
		},
		"thirdperson_lefthand": {
			"rotation": [75, 45, 0],
			"translation": [0, 2.5, 0],
			"scale": [0.375, 0.375, 0.375]
		},
		"firstperson_righthand": {
			"rotation": [0, 45, 0],
			"scale": [0.4, 0.4, 0.4]
		},
		"firstperson_lefthand": {
			"rotation": [0, 225, 0],
			"scale": [0.4, 0.4, 0.4]
		},
		"ground": {
			"translation": [0, 3, 0],
			"scale": [0.25, 0.25, 0.25]
		},
		"gui": {
			"rotation": [30, 225, 0],
			"scale": [0.625, 0.625, 0.625]
		},
		"fixed": {
			"scale": [0.5, 0.5, 0.5]
		}
	},
	"groups": [0, 1, 2, 3, 4,
		{
			"name": "frontpanel",
			"origin": [8, 8, 8],
			"children": [5, 6, 7, 8, 9, 10, 11, 12, 13, 14, 15]
		},
		{
			"name": "tray",
			"origin": [8, 8, 8],
			"children": [16, 17, 18, 19, 20, 21, 22, 23]
		}
	]
}