{
	"credit": "Made with Blockbench",
	"parent": "minecraft:block/cube_top",
	"textures": {
		"2": "block/jukebox_disc_table",
		"3": "block/jukebox_back",
		"4": "block/jukebox_bottom",
		"5": "block/jukebox_front_on",
		"6": "block/jukebox_arm",
		"7": "block/jukebox_disc",
		"top": "block/jukebox_top",
		"particle": "block/jukebox_side",
		"side": "block/jukebox_side"
	},
	"elements": [
		{
			"from": [0, 10, 0],
			"to": [16, 15, 16],
			"faces": {
				"north": {"uv": [0, 1, 16, 6], "texture": "#5"},
				"east": {"uv": [0, 1, 16, 6], "texture": "#side"},
				"south": {"uv": [0, 1, 16, 6], "texture": "#3"},
				"west": {"uv": [0, 1, 16, 6], "texture": "#side"},
				"up": {"uv": [0, 0, 16, 16], "texture": "#top"},
				"down": {"uv": [0, 0, 16, 16], "texture": "#4"}
			}
		},
		{
			"from": [0, 15, 0],
			"to": [1, 16, 16],
			"rotation": {"angle": 0, "axis": "y", "origin": [8, 23, 8]},
			"faces": {
				"north": {"uv": [15, 0, 16, 1], "texture": "#side"},
				"east": {"uv": [0, 0, 16, 1], "texture": "#top"},
				"south": {"uv": [0, 0, 1, 1], "texture": "#side"},
				"west": {"uv": [0, 0, 16, 1], "texture": "#side"},
				"up": {"uv": [0, 0, 1, 16], "texture": "#top"},
				"down": {"uv": [0, 0, 1, 16], "texture": "#missing"}
			}
		},
		{
			"from": [15, 15, 0],
			"to": [16, 16, 16],
			"rotation": {"angle": 0, "axis": "y", "origin": [23, 23, 8]},
			"faces": {
				"north": {"uv": [0, 0, 1, 1], "texture": "#side"},
				"east": {"uv": [0, 0, 16, 1], "texture": "#side"},
				"south": {"uv": [15, 0, 16, 1], "texture": "#side"},
				"west": {"uv": [0, 15, 16, 16], "texture": "#top"},
				"up": {"uv": [15, 0, 16, 16], "texture": "#top"},
				"down": {"uv": [0, 0, 1, 16], "texture": "#missing"}
			}
		},
		{
			"from": [1, 15, 15],
			"to": [15, 16, 16],
			"rotation": {"angle": 0, "axis": "y", "origin": [22, 23, 8]},
			"faces": {
				"north": {"uv": [1, 0, 15, 1], "texture": "#top"},
				"east": {"uv": [0, 0, 1, 1], "texture": "#missing"},
				"south": {"uv": [1, 0, 15, 1], "texture": "#side"},
				"west": {"uv": [0, 0, 1, 1], "texture": "#missing"},
				"up": {"uv": [1, 0, 15, 1], "texture": "#top"},
				"down": {"uv": [0, 0, 14, 1], "texture": "#missing"}
			}
		},
		{
			"from": [1, 15, 0],
			"to": [15, 16, 1],
			"rotation": {"angle": 0, "axis": "y", "origin": [22, 23, -7]},
			"faces": {
				"north": {"uv": [1, 0, 15, 1], "texture": "#side"},
				"east": {"uv": [0, 0, 1, 1], "texture": "#missing"},
				"south": {"uv": [1, 15, 15, 16], "texture": "#top"},
				"west": {"uv": [0, 0, 1, 1], "texture": "#missing"},
				"up": {"uv": [1, 15, 15, 16], "texture": "#top"},
				"down": {"uv": [0, 0, 14, 1], "texture": "#missing"}
			}
		},
		{
			"from": [7, 15, 7],
			"to": [9, 18, 9],
			"rotation": {"angle": 0, "axis": "y", "origin": [15, 22, 15]},
			"faces": {
				"north": {"uv": [7, 7, 9, 9], "texture": "#2"},
				"east": {"uv": [7, 7, 9, 9], "texture": "#2"},
				"south": {"uv": [7, 7, 9, 9], "texture": "#2"},
				"west": {"uv": [7, 7, 9, 9], "texture": "#2"},
				"up": {"uv": [7, 7, 9, 9], "texture": "#2"},
				"down": {"uv": [0, 0, 2, 2], "texture": "#missing"}
			}
		},
		{
			"from": [4, 16, 12],
			"to": [12, 17, 13],
			"rotation": {"angle": 0, "axis": "y", "origin": [15, 23, 20]},
			"faces": {
				"north": {"uv": [0, 0, 8, 1], "texture": "#missing"},
				"east": {"uv": [0, 0, 1, 1], "texture": "#2"},
				"south": {"uv": [3, 15, 11, 16], "texture": "#2"},
				"west": {"uv": [0, 0, 1, 1], "texture": "#2"},
				"up": {"uv": [4, 12, 12, 13], "texture": "#7"},
				"down": {"uv": [0, 0, 8, 1], "texture": "#missing"}
			}
		},
		{
			"from": [6, 16, 13],
			"to": [10, 17, 14],
			"rotation": {"angle": 0, "axis": "y", "origin": [15, 23, 21]},
			"faces": {
				"north": {"uv": [0, 0, 4, 1], "texture": "#missing"},
				"east": {"uv": [0, 0, 1, 1], "texture": "#2"},
				"south": {"uv": [12, 15, 16, 16], "texture": "#2"},
				"west": {"uv": [0, 0, 1, 1], "texture": "#2"},
				"up": {"uv": [6, 13, 10, 14], "texture": "#7"},
				"down": {"uv": [0, 0, 4, 1], "texture": "#missing"}
			}
		},
		{
			"from": [6, 16, 2],
			"to": [10, 17, 3],
			"rotation": {"angle": 0, "axis": "y", "origin": [15, 23, 10]},
			"faces": {
				"north": {"uv": [4, 15, 8, 16], "texture": "#2"},
				"east": {"uv": [0, 5, 1, 6], "texture": "#2"},
				"south": {"uv": [0, 0, 4, 1], "texture": "#missing"},
				"west": {"uv": [0, 1, 1, 2], "texture": "#2"},
				"up": {"uv": [6, 2, 10, 3], "texture": "#7"},
				"down": {"uv": [0, 0, 4, 1], "texture": "#missing"}
			}
		},
		{
			"from": [4, 16, 3],
			"to": [12, 17, 4],
			"rotation": {"angle": 0, "axis": "y", "origin": [15, 23, 11]},
			"faces": {
				"north": {"uv": [1, 15, 9, 16], "texture": "#2"},
				"east": {"uv": [0, 15, 1, 16], "texture": "#2"},
				"south": {"uv": [0, 0, 8, 1], "texture": "#missing"},
				"west": {"uv": [0, 0, 1, 1], "texture": "#2"},
				"up": {"uv": [4, 3, 12, 4], "texture": "#7"},
				"down": {"uv": [0, 0, 8, 1], "texture": "#missing"}
			}
		},
		{
			"from": [3, 16, 4],
			"to": [13, 17, 6],
			"rotation": {"angle": 0, "axis": "y", "origin": [15, 23, 13]},
			"faces": {
				"north": {"uv": [2, 15, 12, 16], "texture": "#2"},
				"east": {"uv": [0, 15, 2, 16], "texture": "#2"},
				"south": {"uv": [0, 0, 10, 1], "texture": "#missing"},
				"west": {"uv": [0, 15, 2, 16], "texture": "#2"},
				"up": {"uv": [3, 4, 13, 6], "texture": "#7"},
				"down": {"uv": [0, 0, 10, 2], "texture": "#missing"}
			}
		},
		{
			"from": [3, 16, 10],
			"to": [13, 17, 12],
			"rotation": {"angle": 0, "axis": "y", "origin": [15, 23, 19]},
			"faces": {
				"north": {"uv": [0, 0, 10, 1], "texture": "#missing"},
				"east": {"uv": [0, 15, 2, 16], "texture": "#2"},
				"south": {"uv": [4, 15, 14, 16], "texture": "#2"},
				"west": {"uv": [0, 15, 2, 16], "texture": "#2"},
				"up": {"uv": [3, 10, 13, 12], "texture": "#7"},
				"down": {"uv": [0, 0, 10, 2], "texture": "#missing"}
			}
		},
		{
			"from": [2, 16, 6],
			"to": [14, 17, 10],
			"rotation": {"angle": 0, "axis": "y", "origin": [15, 23, 15]},
			"faces": {
				"north": {"uv": [0, 15, 12, 16], "texture": "#2"},
				"east": {"uv": [0, 15, 4, 16], "texture": "#2"},
				"south": {"uv": [0, 15, 12, 16], "texture": "#2"},
				"west": {"uv": [0, 15, 4, 16], "texture": "#2"},
				"up": {"uv": [2, 6, 14, 10], "texture": "#7"},
				"down": {"uv": [0, 0, 12, 4], "texture": "#missing"}
			}
		},
		{
			"from": [1, 15, 13],
			"to": [3, 18, 15],
			"rotation": {"angle": 0, "axis": "y", "origin": [9, 24, 22]},
			"faces": {
				"north": {"uv": [8, 13, 10, 16], "texture": "#6"},
				"east": {"uv": [4, 13, 6, 16], "texture": "#6"},
				"south": {"uv": [4, 13, 6, 16], "texture": "#6"},
				"west": {"uv": [2, 13, 4, 16], "texture": "#6"},
				"up": {"uv": [6, 10, 8, 12], "texture": "#6"},
				"down": {"uv": [0, 0, 2, 2], "texture": "#missing"}
			}
		},
		{
			"from": [2, 17, 3],
			"to": [2, 18, 4],
			"rotation": {"angle": -22.5, "axis": "y", "origin": [2, 18, 14]},
			"faces": {
				"north": {"uv": [0, 0, 0, 1], "texture": "#missing"},
				"east": {"uv": [14, 14, 15, 15], "texture": "#6"},
				"south": {"uv": [0, 0, 0, 1], "texture": "#missing"},
				"west": {"uv": [14, 14, 15, 15], "texture": "#6"},
				"up": {"uv": [0, 0, 0, 1], "texture": "#missing"},
				"down": {"uv": [0, 0, 0, 1], "texture": "#missing"}
			}
		},
		{
			"from": [1, 18, 3],
			"to": [3, 19, 4],
			"rotation": {"angle": -22.5, "axis": "y", "origin": [2, 18, 14]},
			"faces": {
				"north": {"uv": [13, 3, 15, 4], "texture": "#6"},
				"east": {"uv": [12, 3, 13, 4], "texture": "#3"},
				"south": {"uv": [13, 4, 15, 5], "texture": "#6"},
				"west": {"uv": [15, 3, 16, 4], "texture": "#6"},
				"up": {"uv": [13, 2, 15, 3], "texture": "#6"},
				"down": {"uv": [13, 5, 15, 6], "texture": "#6"}
			}
		},
		{
			"from": [1, 18, 4],
			"to": [2, 19, 14],
			"rotation": {"angle": -22.5, "axis": "y", "origin": [2, 18, 14]},
			"faces": {
				"north": {"uv": [0, 0, 1, 1], "texture": "#missing"},
				"east": {"uv": [0, 1, 10, 2], "texture": "#6"},
				"south": {"uv": [0, 0, 1, 1], "texture": "#6"},
				"west": {"uv": [0, 0, 10, 1], "texture": "#6"},
				"up": {"uv": [0, 2, 1, 12], "texture": "#6"},
				"down": {"uv": [1, 2, 2, 12], "texture": "#6"}
			}
		},
		{
			"from": [0, 0, 0],
			"to": [16, 1, 16],
			"faces": {
				"north": {"uv": [0, 15, 16, 16], "texture": "#side"},
				"east": {"uv": [0, 15, 16, 16], "texture": "#side"},
				"south": {"uv": [0, 15, 16, 16], "texture": "#side"},
				"west": {"uv": [0, 15, 16, 16], "texture": "#side"},
				"up": {"uv": [0, 0, 16, 16], "texture": "#4"},
				"down": {"uv": [0, 0, 16, 16], "texture": "#4"}
			}
		},
		{
			"from": [1, 1, 1],
			"to": [15, 10, 15],
			"rotation": {"angle": 0, "axis": "y", "origin": [8, 9, 8]},
			"faces": {
				"north": {"uv": [1, 6, 15, 15], "texture": "#side"},
				"east": {"uv": [1, 6, 15, 15], "texture": "#side"},
				"south": {"uv": [1, 6, 15, 15], "texture": "#side"},
				"west": {"uv": [1, 6, 15, 15], "texture": "#side"},
				"up": {"uv": [0, 0, 14, 14], "texture": "#missing"},
				"down": {"uv": [0, 0, 14, 14], "texture": "#missing"}
			}
		},
		{
			"from": [0, 1, 15],
			"to": [1, 10, 16],
			"rotation": {"angle": 0, "axis": "y", "origin": [7, 9, 9]},
			"faces": {
				"north": {"uv": [0, 6, 1, 15], "texture": "#side"},
				"east": {"uv": [15, 6, 16, 15], "texture": "#side"},
				"south": {"uv": [0, 6, 1, 15], "texture": "#side"},
				"west": {"uv": [15, 6, 16, 15], "texture": "#side"},
				"up": {"uv": [0, 0, 1, 1], "texture": "#missing"},
				"down": {"uv": [0, 0, 1, 1], "texture": "#missing"}
			}
		},
		{
			"from": [15, 1, 15],
			"to": [16, 10, 16],
			"rotation": {"angle": 0, "axis": "y", "origin": [22, 9, 9]},
			"faces": {
				"north": {"uv": [15, 6, 16, 15], "texture": "#side"},
				"east": {"uv": [0, 6, 1, 15], "texture": "#side"},
				"south": {"uv": [15, 6, 16, 15], "texture": "#side"},
				"west": {"uv": [0, 6, 1, 15], "texture": "#side"},
				"up": {"uv": [0, 0, 1, 1], "texture": "#missing"},
				"down": {"uv": [0, 0, 1, 1], "texture": "#missing"}
			}
		},
		{
			"from": [15, 1, 0],
			"to": [16, 10, 1],
			"rotation": {"angle": 0, "axis": "y", "origin": [22, 9, -6]},
			"faces": {
				"north": {"uv": [0, 6, 1, 15], "texture": "#side"},
				"east": {"uv": [15, 6, 16, 15], "texture": "#side"},
				"south": {"uv": [0, 6, 1, 15], "texture": "#side"},
				"west": {"uv": [15, 6, 16, 15], "texture": "#side"},
				"up": {"uv": [0, 0, 1, 1], "texture": "#missing"},
				"down": {"uv": [0, 0, 1, 1], "texture": "#missing"}
			}
		},
		{
			"from": [0, 1, 0],
			"to": [1, 10, 1],
			"rotation": {"angle": 0, "axis": "y", "origin": [7, 9, -6]},
			"faces": {
				"north": {"uv": [15, 6, 16, 15], "texture": "#side"},
				"east": {"uv": [0, 6, 1, 15], "texture": "#side"},
				"south": {"uv": [15, 6, 16, 15], "texture": "#side"},
				"west": {"uv": [0, 6, 1, 15], "texture": "#side"},
				"up": {"uv": [0, 0, 1, 1], "texture": "#missing"},
				"down": {"uv": [0, 0, 1, 1], "texture": "#missing"}
			}
		}
	],
	"display": {
		"thirdperson_righthand": {
			"rotation": [75, 45, 0],
			"translation": [0, 2.5, 0],
			"scale": [0.375, 0.375, 0.375]
		},
		"thirdperson_lefthand": {
			"rotation": [75, 45, 0],
			"translation": [0, 2.5, 0],
			"scale": [0.375, 0.375, 0.375]
		},
		"firstperson_righthand": {
			"rotation": [0, 45, 0],
			"scale": [0.4, 0.4, 0.4]
		},
		"firstperson_lefthand": {
			"rotation": [0, 225, 0],
			"scale": [0.4, 0.4, 0.4]
		},
		"ground": {
			"translation": [0, 3, 0],
			"scale": [0.25, 0.25, 0.25]
		},
		"gui": {
			"rotation": [30, 135, 0],
			"scale": [0.625, 0.625, 0.625]
		},
		"fixed": {
			"scale": [0.5, 0.5, 0.5]
		}
	},
	"groups": [0, 1, 2, 3, 4, 5,
		{
			"name": "disc_socket",
			"origin": [15, 23, 15],
			"children": [6, 7, 8, 9, 10, 11, 12]
		}, 13,
		{
			"name": "needle_arm",
			"origin": [9, 27, 22],
			"children": [14, 15, 16]
		}, 17, 18, 19, 20, 21, 22]
}