{
	"credit": "Made by Comper using Blockbench",
	"textures": {
		"0": "block/ladder_3d",
		"particle": "block/ladder"
	},
	"elements": [
		{
			"from": [13, 0, 14],
			"to": [15, 16, 16],
			"faces": {
				"north": {"uv": [0, 0, 0.5, 4], "texture": "#0"},
				"east": {"uv": [1.5, 0, 2, 4], "texture": "#0"},
				"south": {"uv": [1, 0, 1.5, 4], "texture": "#0"},
				"west": {"uv": [0.5, 0, 1, 4], "texture": "#0"},
				"up": {"uv": [0.5, 4, 1, 4.5], "texture": "#0"},
				"down": {"uv": [0, 4, 0.5, 4.5], "texture": "#0"}
			}
		},
		{
			"from": [1, 0, 14],
			"to": [3, 16, 16],
			"rotation": {"angle": 0, "axis": "y", "origin": [2, 8, 15]},
			"faces": {
				"north": {"uv": [1, 0, 1.5, 4], "texture": "#0"},
				"east": {"uv": [0.5, 0, 1, 4], "texture": "#0"},
				"south": {"uv": [0, 0, 0.5, 4], "texture": "#0"},
				"west": {"uv": [1.5, 0, 2, 4], "texture": "#0"},
				"up": {"uv": [0.5, 4, 1, 4.5], "rotation": 180, "texture": "#0"},
				"down": {"uv": [0, 4, 0.5, 4.5], "rotation": 180, "texture": "#0"}
			}
		},
		{
			"from": [3, 1, 15],
			"to": [13, 3, 16],
			"faces": {
				"north": {"uv": [0, 7, 2.5, 7.5], "texture": "#0"},
				"east": {"uv": [0, 0, 1, 2], "texture": "#missing"},
				"south": {"uv": [0, 5.5, 2.5, 6], "texture": "#0"},
				"west": {"uv": [0, 0, 1, 2], "texture": "#missing"},
				"up": {"uv": [0, 6, 2.5, 6.25], "texture": "#0"},
				"down": {"uv": [0, 6.25, 2.5, 6.5], "texture": "#0"}
			}
		},
		{
			"from": [3, 5, 15],
			"to": [13, 7, 16],
			"faces": {
				"north": {"uv": [0, 6.5, 2.5, 7], "texture": "#0"},
				"east": {"uv": [0, 0, 1, 2], "texture": "#missing"},
				"south": {"uv": [0, 6, 2.5, 6.5], "texture": "#0"},
				"west": {"uv": [0, 0, 1, 2], "texture": "#missing"},
				"up": {"uv": [0, 6.5, 2.5, 6.75], "texture": "#0"},
				"down": {"uv": [0, 6.75, 2.5, 7], "texture": "#0"}
			}
		},
		{
			"from": [3, 9, 15],
			"to": [13, 11, 16],
			"faces": {
				"north": {"uv": [0, 6, 2.5, 6.5], "texture": "#0"},
				"east": {"uv": [0, 0, 1, 2], "texture": "#missing"},
				"south": {"uv": [0, 6.5, 2.5, 7], "texture": "#0"},
				"west": {"uv": [0, 0, 1, 2], "texture": "#missing"},
				"up": {"uv": [0, 7, 2.5, 7.25], "texture": "#0"},
				"down": {"uv": [0, 7.25, 2.5, 7.5], "texture": "#0"}
			}
		},
		{
			"from": [3, 13, 15],
			"to": [13, 15, 16],
			"faces": {
				"north": {"uv": [0, 5.5, 2.5, 6], "texture": "#0"},
				"east": {"uv": [0, 0, 1, 2], "texture": "#missing"},
				"south": {"uv": [0, 7, 2.5, 7.5], "texture": "#0"},
				"west": {"uv": [0, 0, 1, 2], "texture": "#missing"},
				"up": {"uv": [0, 5.5, 2.5, 5.75], "texture": "#0"},
				"down": {"uv": [0, 5.75, 2.5, 6], "texture": "#0"}
			}
		},
		{
			"from": [0, 1, 15],
			"to": [1, 3, 16],
			"rotation": {"angle": 0, "axis": "y", "origin": [-7, 8, 8]},
			"faces": {
				"north": {"uv": [2.75, 7, 3, 7.5], "texture": "#0"},
				"east": {"uv": [4.5, 7, 4.75, 7.5], "texture": "#0"},
				"south": {"uv": [2.75, 5.5, 3, 6], "texture": "#0"},
				"west": {"uv": [1.25, 5.5, 1.5, 6], "texture": "#0"},
				"up": {"uv": [3, 5.5, 3.25, 5.75], "texture": "#0"},
				"down": {"uv": [3.25, 5.75, 3.5, 6], "texture": "#0"}
			}
		},
		{
			"from": [0, 5, 15],
			"to": [1, 7, 16],
			"rotation": {"angle": 0, "axis": "y", "origin": [-7, 8, 8]},
			"faces": {
				"north": {"uv": [2.75, 6.5, 3, 7], "texture": "#0"},
				"east": {"uv": [4.5, 6.5, 4.75, 7], "texture": "#0"},
				"south": {"uv": [2.75, 6, 3, 6.5], "texture": "#0"},
				"west": {"uv": [5, 6, 5.25, 6.5], "texture": "#0"},
				"up": {"uv": [3, 5.5, 3.25, 5.75], "texture": "#0"},
				"down": {"uv": [2.75, 5.75, 3, 6], "texture": "#0"}
			}
		},
		{
			"from": [0, 9, 15],
			"to": [1, 11, 16],
			"rotation": {"angle": 0, "axis": "y", "origin": [-7, 8, 8]},
			"faces": {
				"north": {"uv": [2.75, 6, 3, 6.5], "texture": "#0"},
				"east": {"uv": [4.5, 6.25, 4.75, 6.75], "texture": "#0"},
				"south": {"uv": [2.75, 6.5, 3, 7], "texture": "#0"},
				"west": {"uv": [5, 7, 5.25, 7.5], "texture": "#0"},
				"up": {"uv": [3, 5.5, 3.25, 5.75], "texture": "#0"},
				"down": {"uv": [2.75, 5.75, 3, 6], "texture": "#0"}
			}
		},
		{
			"from": [0, 13, 15],
			"to": [1, 15, 16],
			"rotation": {"angle": 0, "axis": "y", "origin": [-7, 8, 8]},
			"faces": {
				"north": {"uv": [2.75, 5.5, 3, 6], "texture": "#0"},
				"east": {"uv": [4.5, 5.5, 4.75, 6], "texture": "#0"},
				"south": {"uv": [2.75, 7, 3, 7.5], "texture": "#0"},
				"west": {"uv": [5, 6.5, 5.25, 7], "texture": "#0"},
				"up": {"uv": [2.75, 5.5, 3, 5.75], "texture": "#0"},
				"down": {"uv": [3.25, 5.75, 3.5, 6], "texture": "#0"}
			}
		},
		{
			"from": [15, 1, 15],
			"to": [16, 3, 16],
			"faces": {
				"north": {"uv": [2.75, 7, 3, 7.5], "texture": "#0"},
				"east": {"uv": [4.5, 7, 4.75, 7.5], "texture": "#0"},
				"south": {"uv": [2.75, 5.5, 3, 6], "texture": "#0"},
				"west": {"uv": [0, 0, 1, 2], "texture": "#missing"},
				"up": {"uv": [3, 5.5, 3.25, 5.75], "texture": "#0"},
				"down": {"uv": [3.25, 5.75, 3.5, 6], "texture": "#0"}
			}
		},
		{
			"from": [15, 5, 15],
			"to": [16, 7, 16],
			"faces": {
				"north": {"uv": [2.75, 6.5, 3, 7], "texture": "#0"},
				"east": {"uv": [4.5, 6.5, 4.75, 7], "texture": "#0"},
				"south": {"uv": [2.75, 6, 3, 6.5], "texture": "#0"},
				"west": {"uv": [0, 0, 1, 2], "texture": "#0"},
				"up": {"uv": [3, 5.5, 3.25, 5.75], "texture": "#0"},
				"down": {"uv": [2.75, 5.75, 3, 6], "texture": "#0"}
			}
		},
		{
			"from": [15, 9, 15],
			"to": [16, 11, 16],
			"faces": {
				"north": {"uv": [2.75, 6, 3, 6.5], "texture": "#0"},
				"east": {"uv": [4.5, 6.25, 4.75, 6.75], "texture": "#0"},
				"south": {"uv": [2.75, 6.5, 3, 7], "texture": "#0"},
				"west": {"uv": [0, 0, 1, 2], "texture": "#0"},
				"up": {"uv": [3, 5.5, 3.25, 5.75], "texture": "#0"},
				"down": {"uv": [2.75, 5.75, 3, 6], "texture": "#0"}
			}
		},
		{
			"from": [15, 13, 15],
			"to": [16, 15, 16],
			"faces": {
				"north": {"uv": [2.75, 5.5, 3, 6], "texture": "#0"},
				"east": {"uv": [4.5, 5.5, 4.75, 6], "texture": "#0"},
				"south": {"uv": [2.75, 7, 3, 7.5], "texture": "#0"},
				"west": {"uv": [0, 0, 1, 2], "texture": "#0"},
				"up": {"uv": [2.75, 5.5, 3, 5.75], "texture": "#0"},
				"down": {"uv": [3.25, 5.75, 3.5, 6], "texture": "#0"}
			}
		}
	],
	"display": {},
	"groups": [0, 1, 2, 3, 4, 5,
		{
			"name": "group",
			"origin": [8, 8, 8],
			"children": [6, 7, 8, 9]
		},
		{
			"name": "group",
			"origin": [8, 8, 8],
			"children": [10, 11, 12, 13]
		}
	]
}