{
	"credit": "Made with Blockbench",
	"textures": {
		"1": "block/rail_3d",
		"particle": "block/powered_rail"
	},
	"elements": [
		{
			"from": [12.01563, -5, 1],
			"to": [13.98438, 15, 3],
			"rotation": {"angle": 45, "axis": "x", "origin": [13, 1, 8]},
			"faces": {
				"north": {"uv": [1.75, 4.75, 2.25, 8.75], "rotation": 180, "texture": "#1"},
				"east": {"uv": [2, 1, 6, 1.5], "rotation": 90, "texture": "#1"},
				"south": {"uv": [1.5, 3.25, 2, 7.25], "texture": "#1"},
				"west": {"uv": [5.75, 1.25, 9.75, 1.75], "rotation": 270, "texture": "#1"},
				"up": {"uv": [1.75, 2.75, 2.25, 3.25], "texture": "#1"},
				"down": {"uv": [1.25, 3.25, 1.75, 3.75], "rotation": 180, "texture": "#1"}
			}
		},
		{
			"from": [12.0256, 14.98, 1.02],
			"to": [13.99435, 17.98, 3.02],
			"rotation": {"angle": 45, "axis": "x", "origin": [13, 1, 8]},
			"faces": {
				"north": {"uv": [1.75, 5, 2.25, 5.75], "rotation": 180, "texture": "#1"},
				"east": {"uv": [2, 1, 2.75, 1.5], "rotation": 90, "texture": "#1"},
				"south": {"uv": [1.5, 6.5, 2, 7.25], "texture": "#1"},
				"west": {"uv": [9, 1.25, 9.75, 1.75], "rotation": 270, "texture": "#1"},
				"up": {"uv": [1.75, 2.75, 2.25, 3.25], "texture": "#1"},
				"down": {"uv": [1.25, 3.25, 1.75, 3.75], "rotation": 180, "texture": "#1"}
			}
		},
		{
			"from": [11.98438, 15.96875, 15.07813],
			"to": [14.01563, 17.98438, 17.07813],
			"faces": {
				"north": {"uv": [1.25, 3.25, 1.75, 3.75], "texture": "#1"},
				"east": {"uv": [2, 1, 2.5, 1.5], "texture": "#1"},
				"south": {"uv": [1.75, 2.75, 2.25, 3.25], "texture": "#1"},
				"west": {"uv": [5.75, 1.25, 6.25, 1.75], "texture": "#1"},
				"up": {"uv": [1.75, 4.75, 2.25, 5.25], "texture": "#1"},
				"down": {"uv": [1.5, 3.25, 2, 3.75], "texture": "#1"}
			}
		},
		{
			"from": [1.98438, 15.96875, 15.0625],
			"to": [4.01563, 17.98438, 17.0625],
			"faces": {
				"north": {"uv": [1.75, 3.25, 2.25, 3.75], "texture": "#1"},
				"east": {"uv": [2, 1.25, 2.5, 1.75], "texture": "#1"},
				"south": {"uv": [1.75, 2.75, 2.25, 3.25], "texture": "#1"},
				"west": {"uv": [7.5, 1, 8, 1.5], "texture": "#1"},
				"up": {"uv": [1.25, 4.75, 1.75, 5.25], "texture": "#1"},
				"down": {"uv": [1.5, 3.25, 2, 3.75], "texture": "#1"}
			}
		},
		{
			"from": [2.01563, 6, 2],
			"to": [3.98438, 8, 22],
			"rotation": {"angle": -45, "axis": "x", "origin": [3, 1, 8]},
			"faces": {
				"north": {"uv": [1.75, 2.75, 2.25, 3.25], "texture": "#1"},
				"east": {"uv": [3.75, 1.25, 7.75, 1.75], "texture": "#1"},
				"south": {"uv": [1.25, 2.25, 1.75, 2.75], "texture": "#1"},
				"west": {"uv": [5.5, 1, 9.5, 1.5], "texture": "#1"},
				"up": {"uv": [1.25, 4.75, 1.75, 8.75], "texture": "#1"},
				"down": {"uv": [1.5, 9, 2, 13], "texture": "#1"}
			}
		},
		{
			"from": [2.0256, 5.98, 22],
			"to": [3.99435, 7.98, 25],
			"rotation": {"angle": -45, "axis": "x", "origin": [3, 1, 8]},
			"faces": {
				"north": {"uv": [1.75, 2.75, 2.25, 3.25], "texture": "#1"},
				"east": {"uv": [3.75, 1.25, 4.5, 1.75], "texture": "#1"},
				"south": {"uv": [1.25, 2.25, 1.75, 2.75], "texture": "#1"},
				"west": {"uv": [5.5, 1, 6.25, 1.5], "texture": "#1"},
				"up": {"uv": [1.25, 7, 1.75, 7.75], "texture": "#1"},
				"down": {"uv": [1.5, 12.5, 2, 13.25], "texture": "#1"}
			}
		},
		{
			"from": [0, 14, 13],
			"to": [16, 15, 15],
			"faces": {
				"north": {"uv": [12, 0, 16, 0.25], "texture": "#1"},
				"east": {"uv": [0, 9.75, 0.5, 10], "texture": "#1"},
				"south": {"uv": [11.75, 0.5, 16, 0.75], "texture": "#1"},
				"west": {"uv": [0.75, 10.25, 1.25, 10.5], "texture": "#1"},
				"up": {"uv": [12, 0, 16, 0.5], "texture": "#1"},
				"down": {"uv": [12, 0.5, 16, 1], "texture": "#1"}
			}
		},
		{
			"from": [0, 6, 5],
			"to": [16, 7, 7],
			"faces": {
				"north": {"uv": [4, 0, 8, 0.25], "texture": "#1"},
				"east": {"uv": [0, 4.25, 0.5, 4.5], "texture": "#1"},
				"south": {"uv": [4, 0.5, 8.25, 0.75], "texture": "#1"},
				"west": {"uv": [0.75, 3.75, 1.25, 4], "texture": "#1"},
				"up": {"uv": [4, 0, 8, 0.5], "texture": "#1"},
				"down": {"uv": [4, 0.5, 8, 1], "texture": "#1"}
			}
		},
		{
			"from": [0, 2, 1],
			"to": [16, 3, 3],
			"faces": {
				"north": {"uv": [0, 0, 4, 0.25], "texture": "#1"},
				"east": {"uv": [0, 2.75, 0.5, 3], "texture": "#1"},
				"south": {"uv": [0, 0.5, 4.25, 0.75], "texture": "#1"},
				"west": {"uv": [0.75, 2.25, 1.25, 2.5], "texture": "#1"},
				"up": {"uv": [0, 0, 4, 0.5], "texture": "#1"},
				"down": {"uv": [0, 0.5, 4, 1], "texture": "#1"}
			}
		},
		{
			"from": [0, 10, 9],
			"to": [16, 11, 11],
			"faces": {
				"north": {"uv": [8, 0, 12, 0.25], "texture": "#1"},
				"east": {"uv": [0, 5.25, 0.5, 5.5], "texture": "#1"},
				"south": {"uv": [8, 0.5, 12.25, 0.75], "texture": "#1"},
				"west": {"uv": [0.75, 6.25, 1.25, 6.5], "texture": "#1"},
				"up": {"uv": [8, 0, 12, 0.5], "texture": "#1"},
				"down": {"uv": [8, 0.5, 12, 1], "texture": "#1"}
			}
		},
		{
			"from": [2, 0, 9],
			"to": [4, 10, 11],
			"faces": {
				"north": {"uv": [4.75, 0, 5.25, 0.25], "texture": "#1"},
				"east": {"uv": [0, 2, 0.5, 2.25], "texture": "#1"},
				"south": {"uv": [0.25, 0.25, 0.75, 0.5], "texture": "#1"},
				"west": {"uv": [0.5, 3.25, 1, 3.5], "texture": "#1"},
				"up": {"uv": [0, 0, 0.5, 0.5], "texture": "#1"},
				"down": {"uv": [0, 0.5, 0.5, 1], "texture": "#1"}
			}
		},
		{
			"from": [2, 0, 5],
			"to": [4, 6, 7],
			"faces": {
				"north": {"uv": [4.75, 0, 5.25, 0.25], "texture": "#1"},
				"east": {"uv": [0, 2, 0.5, 2.25], "texture": "#1"},
				"south": {"uv": [0.25, 0.25, 0.75, 0.5], "texture": "#1"},
				"west": {"uv": [0.5, 3.25, 1, 3.5], "texture": "#1"},
				"up": {"uv": [0, 0, 0.5, 0.5], "texture": "#1"},
				"down": {"uv": [0, 0.5, 0.5, 1], "texture": "#1"}
			}
		},
		{
			"from": [2, 0, 13],
			"to": [4, 14, 15],
			"faces": {
				"north": {"uv": [4.75, 0, 5.25, 0.25], "texture": "#1"},
				"east": {"uv": [0, 2, 0.5, 2.25], "texture": "#1"},
				"south": {"uv": [0.25, 0.25, 0.75, 0.5], "texture": "#1"},
				"west": {"uv": [0.5, 3.25, 1, 3.5], "texture": "#1"},
				"up": {"uv": [0, 0, 0.5, 0.5], "texture": "#1"},
				"down": {"uv": [0, 0.5, 0.5, 1], "texture": "#1"}
			}
		},
		{
			"from": [12, 0, 5],
			"to": [14, 6, 7],
			"faces": {
				"north": {"uv": [4.75, 0, 5.25, 0.25], "texture": "#1"},
				"east": {"uv": [0, 2, 0.5, 2.25], "texture": "#1"},
				"south": {"uv": [0.25, 0.25, 0.75, 0.5], "texture": "#1"},
				"west": {"uv": [0.5, 3.25, 1, 3.5], "texture": "#1"},
				"up": {"uv": [0, 0, 0.5, 0.5], "texture": "#1"},
				"down": {"uv": [0, 0.5, 0.5, 1], "texture": "#1"}
			}
		},
		{
			"from": [12, 0, 9],
			"to": [14, 10, 11],
			"faces": {
				"north": {"uv": [4.75, 0, 5.25, 0.25], "texture": "#1"},
				"east": {"uv": [0, 2, 0.5, 2.25], "texture": "#1"},
				"south": {"uv": [0.25, 0.25, 0.75, 0.5], "texture": "#1"},
				"west": {"uv": [0.5, 3.25, 1, 3.5], "texture": "#1"},
				"up": {"uv": [0, 0, 0.5, 0.5], "texture": "#1"},
				"down": {"uv": [0, 0.5, 0.5, 1], "texture": "#1"}
			}
		},
		{
			"from": [12, 0, 13],
			"to": [14, 14, 15],
			"faces": {
				"north": {"uv": [4.75, 0, 5.25, 0.25], "texture": "#1"},
				"east": {"uv": [0, 2, 0.5, 2.25], "texture": "#1"},
				"south": {"uv": [0.25, 0.25, 0.75, 0.5], "texture": "#1"},
				"west": {"uv": [0.5, 3.25, 1, 3.5], "texture": "#1"},
				"up": {"uv": [0, 0, 0.5, 0.5], "texture": "#1"},
				"down": {"uv": [0, 0.5, 0.5, 1], "texture": "#1"}
			}
		},
		{
			"from": [2, 0, 1],
			"to": [4, 2, 3],
			"faces": {
				"north": {"uv": [4.75, 0, 5.25, 0.25], "texture": "#1"},
				"east": {"uv": [0, 2, 0.5, 2.25], "texture": "#1"},
				"south": {"uv": [0.25, 0.25, 0.75, 0.5], "texture": "#1"},
				"west": {"uv": [0.5, 3.25, 1, 3.5], "texture": "#1"},
				"up": {"uv": [0, 0, 0.5, 0.5], "texture": "#1"},
				"down": {"uv": [0, 0.5, 0.5, 1], "texture": "#1"}
			}
		},
		{
			"from": [12, 0, 1],
			"to": [14, 2, 3],
			"faces": {
				"north": {"uv": [4.75, 0, 5.25, 0.25], "texture": "#1"},
				"east": {"uv": [0, 2, 0.5, 2.25], "texture": "#1"},
				"south": {"uv": [0.25, 0.25, 0.75, 0.5], "texture": "#1"},
				"west": {"uv": [0.5, 3.25, 1, 3.5], "texture": "#1"},
				"up": {"uv": [0, 0, 0.5, 0.5], "texture": "#1"},
				"down": {"uv": [0, 0.5, 0.5, 1], "texture": "#1"}
			}
		},
		{
			"from": [9, 10, 4.58579],
			"to": [12, 10, 20.58579],
			"rotation": {"angle": -45, "axis": "x", "origin": [0.5, 0.5, 11.5]},
			"faces": {
				"north": {"uv": [0, 0, 3, 0], "texture": "#missing"},
				"east": {"uv": [0, 0, 16, 0], "texture": "#missing"},
				"south": {"uv": [0, 0, 3, 0], "texture": "#missing"},
				"west": {"uv": [0, 0, 16, 0], "texture": "#missing"},
				"up": {"uv": [3, 2.75, 3.75, 6.7], "texture": "#1"},
				"down": {"uv": [5.75, 2.75, 6.5, 6.75], "texture": "#1"}
			}
		},
		{
			"from": [4, 10, 4.58579],
			"to": [7, 10, 20.58579],
			"rotation": {"angle": -45, "axis": "x", "origin": [0.5, 0.5, 11.5]},
			"faces": {
				"north": {"uv": [0, 0, 3, 0], "texture": "#missing"},
				"east": {"uv": [0, 0, 16, 0], "texture": "#missing"},
				"south": {"uv": [0, 0, 3, 0], "texture": "#missing"},
				"west": {"uv": [0, 0, 16, 0], "texture": "#missing"},
				"up": {"uv": [4, 2.75, 4.75, 6.7], "texture": "#1"},
				"down": {"uv": [5.75, 2.75, 6.5, 6.75], "texture": "#1"}
			}
		}
	],
	"display": {
		"thirdperson_righthand": {
			"translation": [0, 0, -0.75]
		},
		"fixed": {
			"rotation": [-180, 0, 0]
		}
	}
}