{
	"credit": "Made with Blockbench",
	"textures": {
		"1": "block/rail_3d",
		"particle": "block/rail"
	},
	"elements": [
		{
			"from": [14, 0, 12],
			"to": [16, 2, 14],
			"faces": {
				"north": {"uv": [5.75, 1.25, 6.25, 1.75], "texture": "#1"},
				"east": {"uv": [1.25, 3.25, 1.75, 3.75], "texture": "#1"},
				"south": {"uv": [2, 1, 2.5, 1.5], "texture": "#1"},
				"west": {"uv": [1.75, 2.75, 2.25, 3.25], "texture": "#1"},
				"up": {"uv": [1.75, 4.75, 2.25, 5.25], "rotation": 90, "texture": "#1"},
				"down": {"uv": [1.5, 3.25, 2, 3.75], "rotation": 270, "texture": "#1"}
			}
		},
		{
			"from": [12, 0, 14],
			"to": [14, 2, 16],
			"faces": {
				"north": {"uv": [1.25, 3.25, 1.75, 3.75], "texture": "#1"},
				"east": {"uv": [2, 1, 2.5, 1.5], "texture": "#1"},
				"south": {"uv": [1.75, 2.75, 2.25, 3.25], "texture": "#1"},
				"west": {"uv": [5.75, 1.25, 6.25, 1.75], "texture": "#1"},
				"up": {"uv": [1.75, 4.75, 2.25, 5.25], "texture": "#1"},
				"down": {"uv": [1.5, 3.25, 2, 3.75], "texture": "#1"}
			}
		},
		{
			"from": [2, 0, 12],
			"to": [4, 2, 16],
			"faces": {
				"north": {"uv": [1.75, 2.75, 2.25, 3.25], "texture": "#1"},
				"east": {"uv": [3.75, 1.25, 4.75, 1.75], "texture": "#1"},
				"south": {"uv": [1.25, 2.25, 1.75, 2.75], "texture": "#1"},
				"west": {"uv": [5.5, 1, 6.5, 1.5], "texture": "#1"},
				"up": {"uv": [1.25, 4.75, 1.75, 5.75], "texture": "#1"},
				"down": {"uv": [1.5, 9, 2, 10], "texture": "#1"}
			}
		},
		{
			"from": [3, 0, 10],
			"to": [5, 2, 12],
			"faces": {
				"north": {"uv": [1.75, 2.75, 2.25, 3.25], "texture": "#1"},
				"east": {"uv": [3.75, 1.25, 4.25, 1.75], "texture": "#1"},
				"south": {"uv": [1.25, 2.25, 1.75, 2.75], "texture": "#1"},
				"west": {"uv": [5.5, 1, 6, 1.5], "texture": "#1"},
				"up": {"uv": [1.25, 4.75, 1.75, 5.25], "texture": "#1"},
				"down": {"uv": [1.5, 9, 2, 9.5], "texture": "#1"}
			}
		},
		{
			"from": [4, 0, 8],
			"to": [6, 2, 10],
			"faces": {
				"north": {"uv": [1.75, 2.75, 2.25, 3.25], "texture": "#1"},
				"east": {"uv": [3.75, 1.25, 4.25, 1.75], "texture": "#1"},
				"south": {"uv": [1.25, 2.25, 1.75, 2.75], "texture": "#1"},
				"west": {"uv": [5.5, 1, 6, 1.5], "texture": "#1"},
				"up": {"uv": [1.25, 4.75, 1.75, 5.25], "texture": "#1"},
				"down": {"uv": [1.5, 9, 2, 9.5], "texture": "#1"}
			}
		},
		{
			"from": [5, 0, 7],
			"to": [7, 2, 8],
			"faces": {
				"north": {"uv": [1.75, 2.75, 2.25, 3.25], "texture": "#1"},
				"east": {"uv": [3.75, 1.25, 4, 1.75], "texture": "#1"},
				"south": {"uv": [1.25, 2.25, 1.75, 2.75], "texture": "#1"},
				"west": {"uv": [5.5, 1, 9.5, 1.5], "texture": "#1"},
				"up": {"uv": [1.25, 4.75, 1.75, 5], "texture": "#1"},
				"down": {"uv": [1.5, 9, 2, 9.25], "texture": "#1"}
			}
		},
		{
			"from": [12, 0, 2],
			"to": [16, 2, 4],
			"faces": {
				"north": {"uv": [5.5, 1, 6.5, 1.5], "texture": "#1"},
				"east": {"uv": [1.75, 2.75, 2.25, 3.25], "texture": "#1"},
				"south": {"uv": [3.75, 1.25, 4.75, 1.75], "texture": "#1"},
				"west": {"uv": [1.25, 2.25, 1.75, 2.75], "texture": "#1"},
				"up": {"uv": [1.25, 4.75, 1.75, 5.75], "rotation": 90, "texture": "#1"},
				"down": {"uv": [1.5, 9, 2, 10], "rotation": 270, "texture": "#1"}
			}
		},
		{
			"from": [10, 0, 3],
			"to": [12, 2, 5],
			"faces": {
				"north": {"uv": [5.5, 1, 6, 1.5], "texture": "#1"},
				"east": {"uv": [1.75, 2.75, 2.25, 3.25], "texture": "#1"},
				"south": {"uv": [3.75, 1.25, 4.25, 1.75], "texture": "#1"},
				"west": {"uv": [1.25, 2.25, 1.75, 2.75], "texture": "#1"},
				"up": {"uv": [1.25, 4.75, 1.75, 5.25], "rotation": 90, "texture": "#1"},
				"down": {"uv": [1.5, 9, 2, 9.5], "rotation": 270, "texture": "#1"}
			}
		},
		{
			"from": [8, 0, 4],
			"to": [10, 2, 6],
			"faces": {
				"north": {"uv": [5.5, 1, 6, 1.5], "texture": "#1"},
				"east": {"uv": [1.75, 2.75, 2.25, 3.25], "texture": "#1"},
				"south": {"uv": [3.75, 1.25, 4.25, 1.75], "texture": "#1"},
				"west": {"uv": [1.25, 2.25, 1.75, 2.75], "texture": "#1"},
				"up": {"uv": [1.25, 4.75, 1.75, 5.25], "rotation": 90, "texture": "#1"},
				"down": {"uv": [1.5, 9, 2, 9.5], "rotation": 270, "texture": "#1"}
			}
		},
		{
			"from": [7, 0, 5],
			"to": [8, 2, 7],
			"faces": {
				"north": {"uv": [5.5, 1, 5.75, 1.5], "texture": "#1"},
				"east": {"uv": [1.75, 2.75, 2.25, 3.25], "texture": "#1"},
				"south": {"uv": [3.75, 1.25, 4, 1.75], "texture": "#1"},
				"west": {"uv": [1.25, 2.25, 1.75, 2.75], "texture": "#1"},
				"up": {"uv": [1.25, 4.75, 1.75, 5], "rotation": 90, "texture": "#1"},
				"down": {"uv": [1.5, 9, 2, 9.25], "rotation": 270, "texture": "#1"}
			}
		},
		{
			"from": [6, 0, 5],
			"to": [7, 2, 7],
			"faces": {
				"north": {"uv": [5.5, 1, 5.75, 1.5], "texture": "#1"},
				"east": {"uv": [1.75, 2.75, 2.25, 3.25], "texture": "#1"},
				"south": {"uv": [3.75, 1.25, 7.75, 1.75], "texture": "#1"},
				"west": {"uv": [1.25, 2.25, 1.75, 2.75], "texture": "#1"},
				"up": {"uv": [1.25, 4.75, 1.75, 5], "rotation": 90, "texture": "#1"},
				"down": {"uv": [1.5, 9, 2, 9.25], "rotation": 270, "texture": "#1"}
			}
		},
		{
			"from": [-0.01562, 0.01563, 13],
			"to": [15.98438, 1.01563, 15],
			"faces": {
				"north": {"uv": [12, 0, 16, 0.25], "texture": "#1"},
				"east": {"uv": [0, 9.75, 0.5, 10], "texture": "#1"},
				"south": {"uv": [11.75, 0.5, 16, 0.75], "texture": "#1"},
				"west": {"uv": [0.75, 10.25, 1.25, 10.5], "texture": "#1"},
				"up": {"uv": [12, 0, 16, 0.5], "texture": "#1"},
				"down": {"uv": [12, 0.5, 16, 1], "texture": "#1"}
			}
		},
		{
			"from": [13, 0.01563, -0.01562],
			"to": [15, 1.01563, 15.98438],
			"faces": {
				"north": {"uv": [0.75, 3.75, 1.25, 4], "texture": "#1"},
				"east": {"uv": [4, 0, 8, 0.25], "texture": "#1"},
				"south": {"uv": [0, 4.25, 0.5, 4.5], "texture": "#1"},
				"west": {"uv": [4, 0.5, 8.25, 0.75], "texture": "#1"},
				"up": {"uv": [4, 0, 8, 0.5], "rotation": 90, "texture": "#1"},
				"down": {"uv": [4, 0.5, 8, 1], "rotation": 270, "texture": "#1"}
			}
		},
		{
			"from": [3, 0.03125, 6],
			"to": [19, 1.03125, 8],
			"rotation": {"angle": -22.5, "axis": "y", "origin": [-2, 0.5, 2]},
			"faces": {
				"north": {"uv": [0, 0, 4, 0.25], "texture": "#1"},
				"east": {"uv": [0, 2.75, 0.5, 3], "texture": "#1"},
				"south": {"uv": [0, 0.5, 4.25, 0.75], "texture": "#1"},
				"west": {"uv": [0.75, 2.25, 1.25, 2.5], "texture": "#1"},
				"up": {"uv": [0, 0, 4, 0.5], "texture": "#1"},
				"down": {"uv": [0, 0.5, 4, 1], "texture": "#1"}
			}
		},
		{
			"from": [4, 0.04688, -2],
			"to": [20, 1.04688, 0],
			"rotation": {"angle": -45, "axis": "y", "origin": [-2, 0.5, 2]},
			"faces": {
				"north": {"uv": [0, 0, 4, 0.25], "texture": "#1"},
				"east": {"uv": [0, 2.75, 0.5, 3], "texture": "#1"},
				"south": {"uv": [0, 0.5, 4.25, 0.75], "texture": "#1"},
				"west": {"uv": [0.75, 2.25, 1.25, 2.5], "texture": "#1"},
				"up": {"uv": [0, 0, 4, 0.5], "texture": "#1"},
				"down": {"uv": [0, 0.5, 4, 1], "texture": "#1"}
			}
		},
		{
			"from": [11, 0.03125, 2],
			"to": [13, 1.03125, 18],
			"rotation": {"angle": 22.5, "axis": "y", "origin": [8, 0.5, 10]},
			"faces": {
				"north": {"uv": [0.75, 6.25, 1.25, 6.5], "texture": "#1"},
				"east": {"uv": [8, 0, 12, 0.25], "texture": "#1"},
				"south": {"uv": [0, 5.25, 0.5, 5.5], "texture": "#1"},
				"west": {"uv": [8, 0.5, 12.25, 0.75], "texture": "#1"},
				"up": {"uv": [8, 0, 12, 0.5], "rotation": 90, "texture": "#1"},
				"down": {"uv": [8, 0.5, 12, 1], "rotation": 270, "texture": "#1"}
			}
		},
		{
			"from": [9, 0, 3],
			"to": [10, 2, 4],
			"faces": {
				"north": {"uv": [5.5, 1, 5.75, 1.5], "texture": "#1"},
				"east": {"uv": [1.75, 2.75, 2, 3.25], "texture": "#1"},
				"south": {"uv": [3.75, 1.25, 4, 1.75], "texture": "#1"},
				"west": {"uv": [1.25, 2.25, 1.5, 2.75], "texture": "#1"},
				"up": {"uv": [1.25, 4.75, 1.5, 5], "rotation": 90, "texture": "#1"},
				"down": {"uv": [1.5, 9, 1.75, 9.25], "rotation": 270, "texture": "#1"}
			}
		},
		{
			"from": [11, 0, 2],
			"to": [12, 2, 3],
			"faces": {
				"north": {"uv": [5.5, 1, 5.75, 1.5], "texture": "#1"},
				"east": {"uv": [1.75, 2.75, 2, 3.25], "texture": "#1"},
				"south": {"uv": [3.75, 1.25, 4, 1.75], "texture": "#1"},
				"west": {"uv": [1.25, 2.25, 1.5, 2.75], "texture": "#1"},
				"up": {"uv": [1.25, 4.75, 1.5, 5], "rotation": 90, "texture": "#1"},
				"down": {"uv": [1.5, 9, 1.75, 9.25], "rotation": 270, "texture": "#1"}
			}
		},
		{
			"from": [5, 0, 6],
			"to": [6, 2, 7],
			"faces": {
				"north": {"uv": [5.5, 1, 5.75, 1.5], "texture": "#1"},
				"east": {"uv": [1.75, 2.75, 2, 3.25], "texture": "#1"},
				"south": {"uv": [3.75, 1.25, 4, 1.75], "texture": "#1"},
				"west": {"uv": [1.25, 2.25, 1.5, 2.75], "texture": "#1"},
				"up": {"uv": [1.25, 4.75, 1.5, 5], "rotation": 90, "texture": "#1"},
				"down": {"uv": [1.5, 9, 1.75, 9.25], "rotation": 270, "texture": "#1"}
			}
		},
		{
			"from": [14, 0, 14],
			"to": [15, 2, 15],
			"faces": {
				"north": {"uv": [5.5, 1, 5.75, 1.5], "texture": "#1"},
				"east": {"uv": [1.75, 2.75, 2, 3.25], "texture": "#1"},
				"south": {"uv": [3.75, 1.25, 4, 1.75], "texture": "#1"},
				"west": {"uv": [1.25, 2.25, 1.5, 2.75], "texture": "#1"},
				"up": {"uv": [1.25, 4.75, 1.5, 5], "rotation": 90, "texture": "#1"},
				"down": {"uv": [1.5, 9, 1.75, 9.25], "rotation": 270, "texture": "#1"}
			}
		},
		{
			"from": [13, 0, 13],
			"to": [14, 2, 14],
			"faces": {
				"north": {"uv": [5.5, 1, 5.75, 1.5], "texture": "#1"},
				"east": {"uv": [1.75, 2.75, 2, 3.25], "texture": "#1"},
				"south": {"uv": [3.75, 1.25, 4, 1.75], "texture": "#1"},
				"west": {"uv": [1.25, 2.25, 1.5, 2.75], "texture": "#1"},
				"up": {"uv": [1.5, 5, 1.75, 5.25], "rotation": 90, "texture": "#1"},
				"down": {"uv": [1.5, 9, 1.75, 9.25], "rotation": 270, "texture": "#1"}
			}
		},
		{
			"from": [2, 0, 11],
			"to": [3, 2, 12],
			"faces": {
				"north": {"uv": [5.5, 1, 5.75, 1.5], "texture": "#1"},
				"east": {"uv": [1.75, 2.75, 2, 3.25], "texture": "#1"},
				"south": {"uv": [3.75, 1.25, 4, 1.75], "texture": "#1"},
				"west": {"uv": [1.25, 2.25, 1.5, 2.75], "texture": "#1"},
				"up": {"uv": [1.25, 4.75, 1.5, 5], "rotation": 90, "texture": "#1"},
				"down": {"uv": [1.5, 9, 1.75, 9.25], "rotation": 270, "texture": "#1"}
			}
		},
		{
			"from": [3, 0, 9],
			"to": [4, 2, 10],
			"faces": {
				"north": {"uv": [5.5, 1, 5.75, 1.5], "texture": "#1"},
				"east": {"uv": [1.75, 2.75, 2, 3.25], "texture": "#1"},
				"south": {"uv": [3.75, 1.25, 4, 1.75], "texture": "#1"},
				"west": {"uv": [1.25, 2.25, 1.5, 2.75], "texture": "#1"},
				"up": {"uv": [1.25, 4.75, 1.5, 5], "rotation": 90, "texture": "#1"},
				"down": {"uv": [1.5, 9, 1.75, 9.25], "rotation": 270, "texture": "#1"}
			}
		},
		{
			"from": [4, 0, 7],
			"to": [5, 2, 8],
			"faces": {
				"north": {"uv": [5.5, 1, 5.75, 1.5], "texture": "#1"},
				"east": {"uv": [1.75, 2.75, 2, 3.25], "texture": "#1"},
				"south": {"uv": [3.75, 1.25, 4, 1.75], "texture": "#1"},
				"west": {"uv": [1.25, 2.25, 1.5, 2.75], "texture": "#1"},
				"up": {"uv": [1.25, 4.75, 1.5, 5], "rotation": 90, "texture": "#1"},
				"down": {"uv": [1.5, 9, 1.75, 9.25], "rotation": 270, "texture": "#1"}
			}
		}
	],
	"display": {
		"thirdperson_righthand": {
			"translation": [0, 0, -0.75]
		}
	}
}