{
    "ambientocclusion": false,
    "textures": {
		"0": "block/redstone_torch",
        "particle": "block/redstone_torch"
    },
    "elements": [
        {   "from": [ -1, 3.5, 7 ],
            "to": [ 1, 13.5, 9 ],
            "rotation": { "origin": [ 0, 3.5, 8 ], "axis": "z", "angle": -22.5 },
            "shade": false,
            "faces": {
                "down": { "uv": [ 7, 13, 9, 15 ], "texture": "#0" },
                "up":   { "uv": [ 7,  6, 9,  8 ], "texture": "#0" }
            }
        },
        {   "from": [ -1, 3.5, 0 ],
            "to": [ 1, 19.5, 16 ],
            "rotation": { "origin": [ 0, 3.5, 8 ], "axis": "z", "angle": -22.5 },
            "shade": false,
            "faces": {
                "west": { "uv": [ 0, 0, 16, 16 ], "texture": "#0" },
                "east": { "uv": [ 0, 0, 16, 16 ], "texture": "#0" }
            }
        },
        {   "from": [ -8, 3.5, 7 ],
            "to": [ 8, 19.5, 9 ],
            "rotation": { "origin": [ 0, 3.5, 8 ], "axis": "z", "angle": -22.5 },
            "shade": false,
            "faces": {
                "north": { "uv": [ 0, 0, 16, 16 ], "texture": "#0" },
                "south": { "uv": [ 0, 0, 16, 16 ], "texture": "#0" }
            }
        }
    ]
}
