{
	"credit": "Made with Blockbench",
	"textures": {
		"0": "block/respawn_anchor_3d",
		"particle": "block/respawn_anchor_0"
	},
	"elements": [
		{
			"from": [0, 15, 14],
			"to": [16, 16, 16],
			"rotation": {"angle": 0, "axis": "y", "origin": [8, 19, 8]},
			"faces": {
				"north": {"uv": [0, 12, 4, 12.25], "texture": "#0"},
				"east": {"uv": [12, 12, 12.5, 12.25], "texture": "#0"},
				"south": {"uv": [8, 12, 12, 12.25], "texture": "#0"},
				"west": {"uv": [7.5, 12, 8, 12.25], "texture": "#0"},
				"up": {"uv": [0, 3.5, 4, 4], "texture": "#0"},
				"down": {"uv": [12, 8, 16, 8.25], "texture": "#0"}
			}
		},
		{
			"from": [0, 15, 0],
			"to": [16, 16, 2],
			"rotation": {"angle": 0, "axis": "y", "origin": [8, 19, -6]},
			"faces": {
				"north": {"uv": [0, 12, 4, 12.25], "texture": "#0"},
				"east": {"uv": [15.5, 12, 16, 12.25], "texture": "#0"},
				"south": {"uv": [8, 12, 12, 12.25], "texture": "#0"},
				"west": {"uv": [4, 12, 4.5, 12.25], "texture": "#0"},
				"up": {"uv": [0, 0, 4, 0.5], "texture": "#0"},
				"down": {"uv": [15.75, 8, 16, 12], "texture": "#0"}
			}
		},
		{
			"from": [0, 0, 0],
			"to": [16, 5, 16],
			"faces": {
				"north": {"uv": [0, 14.75, 4, 16], "texture": "#0"},
				"east": {"uv": [12, 14.75, 16, 16], "texture": "#0"},
				"south": {"uv": [8, 14.75, 12, 16], "texture": "#0"},
				"west": {"uv": [4, 14.75, 8, 16], "texture": "#0"},
				"up": {"uv": [12, 8, 16, 12], "texture": "#0"},
				"down": {"uv": [0, 5.75, 4, 9.75], "texture": "#0"}
			}
		},
		{
			"from": [1, 5, 1],
			"to": [15, 6, 15],
			"rotation": {"angle": 0, "axis": "y", "origin": [8, 10, 8]},
			"faces": {
				"north": {"uv": [0.25, 14.5, 3.75, 14.75], "texture": "#0"},
				"east": {"uv": [12.25, 14.5, 15.75, 14.75], "texture": "#0"},
				"south": {"uv": [8.25, 14.5, 11.75, 14.75], "texture": "#0"},
				"west": {"uv": [4.25, 14.5, 7.75, 14.75], "texture": "#0"},
				"up": {"uv": [12.25, 8.25, 15.75, 11.75], "texture": "#0"},
				"down": {"uv": [0, 0, 14, 14], "texture": "#missing"}
			}
		},
		{
			"from": [1, 14, 1],
			"to": [15, 15, 15],
			"rotation": {"angle": 0, "axis": "y", "origin": [8, 19, 8]},
			"faces": {
				"north": {"uv": [0.25, 12.25, 3.75, 12.5], "texture": "#0"},
				"east": {"uv": [12.25, 12.25, 15.75, 12.5], "texture": "#0"},
				"south": {"uv": [8.25, 12.25, 11.75, 12.5], "texture": "#0"},
				"west": {"uv": [4.25, 12.25, 7.75, 12.5], "texture": "#0"},
				"up": {"uv": [12.25, 8.25, 15.75, 11.75], "texture": "#0"},
				"down": {"uv": [12.25, 8.25, 15.75, 11.75], "texture": "#0"}
			}
		},
		{
			"from": [2, 6, 2],
			"to": [14, 8, 14],
			"rotation": {"angle": 0, "axis": "y", "origin": [8, 11, 8]},
			"faces": {
				"north": {"uv": [0.5, 14, 3.5, 14.5], "texture": "#0"},
				"east": {"uv": [12.5, 14, 15.5, 14.5], "texture": "#0"},
				"south": {"uv": [8.5, 14, 11.5, 14.5], "texture": "#0"},
				"west": {"uv": [4.5, 14, 7.5, 14.5], "texture": "#0"},
				"up": {"uv": [12.5, 8.5, 15.5, 11.5], "texture": "#0"},
				"down": {"uv": [0, 0, 12, 12], "texture": "#missing"}
			}
		},
		{
			"from": [2, 12, 2],
			"to": [14, 14, 14],
			"rotation": {"angle": 0, "axis": "y", "origin": [8, 17, 8]},
			"faces": {
				"north": {"uv": [0.5, 12.5, 3.5, 13], "texture": "#0"},
				"east": {"uv": [12.5, 12.5, 15.5, 13], "texture": "#0"},
				"south": {"uv": [8.5, 12.5, 11.5, 13], "texture": "#0"},
				"west": {"uv": [4.5, 12.5, 7.5, 13], "texture": "#0"},
				"up": {"uv": [0, 0, 12, 12], "texture": "#missing"},
				"down": {"uv": [12.5, 8.5, 15.5, 11.5], "texture": "#0"}
			}
		},
		{
			"from": [0, 5, 0],
			"to": [1, 15, 1],
			"rotation": {"angle": 0, "axis": "y", "origin": [8, 13, 8]},
			"faces": {
				"north": {"uv": [3.75, 12.25, 4, 14.75], "texture": "#0"},
				"east": {"uv": [3.75, 12.25, 4, 14.75], "texture": "#0"},
				"south": {"uv": [4, 12.25, 4.25, 14.75], "texture": "#0"},
				"west": {"uv": [4, 12.25, 4.25, 14.75], "texture": "#0"},
				"up": {"uv": [0, 0, 1, 1], "texture": "#missing"},
				"down": {"uv": [0, 0, 1, 1], "texture": "#missing"}
			}
		},
		{
			"from": [0, 5, 15],
			"to": [1, 15, 16],
			"rotation": {"angle": 0, "axis": "y", "origin": [8, 13, 23]},
			"faces": {
				"north": {"uv": [3.75, 12.25, 4, 14.75], "texture": "#0"},
				"east": {"uv": [8, 12.25, 8.25, 14.75], "texture": "#0"},
				"south": {"uv": [8, 12.25, 8.25, 14.75], "texture": "#0"},
				"west": {"uv": [7.75, 12.25, 8, 14.75], "texture": "#0"},
				"up": {"uv": [0, 0, 1, 1], "texture": "#missing"},
				"down": {"uv": [0, 0, 1, 1], "texture": "#missing"}
			}
		},
		{
			"from": [15, 5, 15],
			"to": [16, 15, 16],
			"rotation": {"angle": 0, "axis": "y", "origin": [23, 13, 23]},
			"faces": {
				"north": {"uv": [12, 12.25, 12.25, 14.75], "texture": "#0"},
				"east": {"uv": [12, 12.25, 12.25, 14.75], "texture": "#0"},
				"south": {"uv": [11.75, 12.25, 12, 14.75], "texture": "#0"},
				"west": {"uv": [11.75, 12.25, 12, 14.75], "texture": "#0"},
				"up": {"uv": [0, 0, 1, 1], "texture": "#missing"},
				"down": {"uv": [0, 0, 1, 1], "texture": "#missing"}
			}
		},
		{
			"from": [15, 5, 0],
			"to": [16, 15, 1],
			"rotation": {"angle": 0, "axis": "y", "origin": [23, 13, 8]},
			"faces": {
				"north": {"uv": [0, 12.25, 0.25, 14.75], "texture": "#0"},
				"east": {"uv": [15.75, 12.25, 16, 14.75], "texture": "#0"},
				"south": {"uv": [15.75, 12.25, 16, 14.75], "texture": "#0"},
				"west": {"uv": [0, 12.25, 0.25, 14.75], "texture": "#0"},
				"up": {"uv": [0, 0, 1, 1], "texture": "#missing"},
				"down": {"uv": [0, 0, 1, 1], "texture": "#missing"}
			}
		},
		{
			"from": [14, 6, 1],
			"to": [15, 14, 2],
			"rotation": {"angle": 0, "axis": "y", "origin": [22, 14, 9]},
			"faces": {
				"north": {"uv": [0.25, 12.5, 0.5, 14.5], "texture": "#0"},
				"east": {"uv": [15.5, 12.5, 15.75, 14.5], "texture": "#0"},
				"south": {"uv": [15.5, 12.5, 15.75, 14.5], "texture": "#0"},
				"west": {"uv": [0.25, 12.5, 0.5, 14.5], "texture": "#0"},
				"up": {"uv": [0, 0, 1, 1], "texture": "#missing"},
				"down": {"uv": [0, 0, 1, 1], "texture": "#missing"}
			}
		},
		{
			"from": [14, 6, 14],
			"to": [15, 14, 15],
			"rotation": {"angle": 0, "axis": "y", "origin": [22, 14, 22]},
			"faces": {
				"north": {"uv": [12.25, 12.5, 12.5, 14.5], "texture": "#0"},
				"east": {"uv": [12.25, 12.5, 12.5, 14.5], "texture": "#0"},
				"south": {"uv": [11.5, 12.5, 11.75, 14.5], "texture": "#0"},
				"west": {"uv": [11.5, 12.5, 11.75, 14.5], "texture": "#0"},
				"up": {"uv": [0, 0, 1, 1], "texture": "#missing"},
				"down": {"uv": [0, 0, 1, 1], "texture": "#missing"}
			}
		},
		{
			"from": [1, 6, 14],
			"to": [2, 14, 15],
			"rotation": {"angle": 0, "axis": "y", "origin": [9, 14, 22]},
			"faces": {
				"north": {"uv": [7.5, 12.5, 7.75, 14.5], "texture": "#0"},
				"east": {"uv": [8.25, 12.5, 8.5, 14.5], "texture": "#0"},
				"south": {"uv": [8.25, 12.5, 8.5, 14.5], "texture": "#0"},
				"west": {"uv": [7.5, 12.5, 7.75, 14.5], "texture": "#0"},
				"up": {"uv": [0, 0, 1, 1], "texture": "#missing"},
				"down": {"uv": [0, 0, 1, 1], "texture": "#missing"}
			}
		},
		{
			"from": [1, 6, 1],
			"to": [2, 14, 2],
			"rotation": {"angle": 0, "axis": "y", "origin": [9, 14, 9]},
			"faces": {
				"north": {"uv": [3.5, 12.5, 3.75, 14.5], "texture": "#0"},
				"east": {"uv": [3.5, 12.5, 3.75, 14.5], "texture": "#0"},
				"south": {"uv": [4.25, 12.5, 4.5, 14.5], "texture": "#0"},
				"west": {"uv": [4.25, 12.5, 4.5, 14.5], "texture": "#0"},
				"up": {"uv": [0, 0, 1, 1], "texture": "#missing"},
				"down": {"uv": [0, 0, 1, 1], "texture": "#missing"}
			}
		},
		{
			"from": [2, 8, 2],
			"to": [6, 12, 6],
			"rotation": {"angle": 0, "axis": "y", "origin": [10, 14, 10]},
			"faces": {
				"north": {"uv": [2.5, 13, 3.5, 14], "texture": "#0"},
				"east": {"uv": [0.5, 13, 1.5, 14], "texture": "#0"},
				"south": {"uv": [6.5, 13, 7.5, 14], "texture": "#0"},
				"west": {"uv": [4.5, 13, 5.5, 14], "texture": "#0"},
				"up": {"uv": [0, 0, 4, 4], "texture": "#missing"},
				"down": {"uv": [0, 0, 4, 4], "texture": "#missing"}
			}
		},
		{
			"from": [2, 8, 10],
			"to": [6, 12, 14],
			"rotation": {"angle": 0, "axis": "y", "origin": [10, 14, 18]},
			"faces": {
				"north": {"uv": [4.5, 13, 5.5, 14], "texture": "#0"},
				"east": {"uv": [10.5, 13, 11.5, 14], "texture": "#0"},
				"south": {"uv": [8.5, 13, 9.5, 14], "texture": "#0"},
				"west": {"uv": [6.5, 13, 7.5, 14], "texture": "#0"},
				"up": {"uv": [0, 0, 4, 4], "texture": "#missing"},
				"down": {"uv": [0, 0, 4, 4], "texture": "#missing"}
			}
		},
		{
			"from": [10, 8, 2],
			"to": [14, 12, 6],
			"rotation": {"angle": 0, "axis": "y", "origin": [18, 14, 10]},
			"faces": {
				"north": {"uv": [0.5, 13, 1.5, 14], "texture": "#0"},
				"east": {"uv": [14.5, 13, 15.5, 14], "texture": "#0"},
				"south": {"uv": [12.5, 13, 13.5, 14], "texture": "#0"},
				"west": {"uv": [2.5, 13, 3.5, 14], "texture": "#0"},
				"up": {"uv": [0, 0, 4, 4], "texture": "#missing"},
				"down": {"uv": [0, 0, 4, 4], "texture": "#missing"}
			}
		},
		{
			"from": [10, 8, 10],
			"to": [14, 12, 14],
			"rotation": {"angle": 0, "axis": "y", "origin": [18, 14, 18]},
			"faces": {
				"north": {"uv": [14.5, 13, 15.5, 14], "texture": "#0"},
				"east": {"uv": [12.5, 13, 13.5, 14], "texture": "#0"},
				"south": {"uv": [10.5, 13, 11.5, 14], "texture": "#0"},
				"west": {"uv": [8.5, 13, 9.5, 14], "texture": "#0"},
				"up": {"uv": [0, 0, 4, 4], "texture": "#missing"},
				"down": {"uv": [0, 0, 4, 4], "texture": "#missing"}
			}
		},
		{
			"from": [3, 8, 3],
			"to": [13, 9, 13],
			"rotation": {"angle": 0, "axis": "y", "origin": [18, 14, 14]},
			"faces": {
				"north": {"uv": [1.75, 13.75, 2.25, 14], "texture": "#0"},
				"east": {"uv": [12.75, 13.75, 15.25, 14], "texture": "#0"},
				"south": {"uv": [8.75, 13.75, 11.25, 14], "texture": "#0"},
				"west": {"uv": [4.75, 13.75, 7.25, 14], "texture": "#0"},
				"up": {"uv": [12.75, 8.75, 15.25, 11.25], "texture": "#0"},
				"down": {"uv": [0, 0, 10, 10], "texture": "#missing"}
			}
		},
		{
			"from": [4, 9, 4],
			"to": [12, 11, 12],
			"rotation": {"angle": 0, "axis": "y", "origin": [18, 15, 14]},
			"faces": {
				"north": {"uv": [1, 13.25, 3, 13.75], "texture": "#0"},
				"east": {"uv": [13, 13.25, 15, 13.75], "texture": "#0"},
				"south": {"uv": [9, 13.25, 11, 13.75], "texture": "#0"},
				"west": {"uv": [5, 13.25, 7, 13.75], "texture": "#0"},
				"up": {"uv": [0, 0, 8, 8], "texture": "#missing"},
				"down": {"uv": [0, 0, 8, 8], "texture": "#missing"}
			}
		},
		{
			"from": [3, 11, 3],
			"to": [13, 12, 13],
			"rotation": {"angle": 0, "axis": "y", "origin": [18, 17, 14]},
			"faces": {
				"north": {"uv": [1.75, 13, 2.25, 13.25], "texture": "#0"},
				"east": {"uv": [12.75, 13, 15.25, 13.25], "texture": "#0"},
				"south": {"uv": [8.75, 13, 11.25, 13.25], "texture": "#0"},
				"west": {"uv": [5, 13, 7, 13.25], "texture": "#0"},
				"up": {"uv": [0, 0, 10, 10], "texture": "#missing"},
				"down": {"uv": [12.75, 8.75, 15.25, 11.25], "texture": "#0"}
			}
		},
		{
			"from": [2, 13, 1],
			"to": [3, 14, 2],
			"rotation": {"angle": 0, "axis": "y", "origin": [10, 19, 6]},
			"faces": {
				"north": {"uv": [3.25, 12.5, 3.5, 12.75], "texture": "#0"},
				"east": {"uv": [3.25, 12.5, 3.5, 12.75], "texture": "#0"},
				"south": {"uv": [0, 0, 1, 1], "texture": "#missing"},
				"west": {"uv": [0, 0, 1, 1], "texture": "#missing"},
				"up": {"uv": [0, 0, 1, 1], "texture": "#missing"},
				"down": {"uv": [3.25, 12.5, 3.5, 12.75], "texture": "#0"}
			}
		},
		{
			"from": [1, 14, 0],
			"to": [2, 15, 1],
			"rotation": {"angle": 0, "axis": "y", "origin": [9, 20, 5]},
			"faces": {
				"north": {"uv": [3.5, 12.25, 3.75, 12.5], "texture": "#0"},
				"east": {"uv": [3.5, 12.25, 3.75, 12.5], "texture": "#0"},
				"south": {"uv": [0, 0, 1, 1], "texture": "#missing"},
				"west": {"uv": [0, 0, 1, 1], "texture": "#missing"},
				"up": {"uv": [0, 0, 1, 1], "texture": "#missing"},
				"down": {"uv": [3.5, 12.25, 3.75, 12.5], "texture": "#0"}
			}
		},
		{
			"from": [14, 14, 0],
			"to": [15, 15, 1],
			"rotation": {"angle": 0, "axis": "y", "origin": [22, 20, 5]},
			"faces": {
				"north": {"uv": [0.25, 12.25, 0.5, 12.5], "texture": "#0"},
				"east": {"uv": [0, 0, 1, 1], "texture": "#missing"},
				"south": {"uv": [0, 0, 1, 1], "texture": "#missing"},
				"west": {"uv": [0.25, 12.25, 0.5, 12.5], "texture": "#0"},
				"up": {"uv": [0, 0, 1, 1], "texture": "#missing"},
				"down": {"uv": [0.25, 12.25, 0.5, 12.5], "texture": "#0"}
			}
		},
		{
			"from": [1, 5, 0],
			"to": [2, 6, 1],
			"rotation": {"angle": 0, "axis": "y", "origin": [9, 11, 5]},
			"faces": {
				"north": {"uv": [3.5, 14.25, 3.75, 14.5], "texture": "#0"},
				"east": {"uv": [3.5, 14.5, 3.75, 14.75], "texture": "#0"},
				"south": {"uv": [0, 0, 1, 1], "texture": "#missing"},
				"west": {"uv": [0, 0, 1, 1], "texture": "#missing"},
				"up": {"uv": [3.5, 14.5, 3.75, 14.75], "texture": "#0"},
				"down": {"uv": [0, 0, 1, 1], "texture": "#missing"}
			}
		},
		{
			"from": [0, 5, 1],
			"to": [1, 6, 2],
			"rotation": {"angle": 0, "axis": "y", "origin": [8, 11, 6]},
			"faces": {
				"north": {"uv": [0.25, 14.5, 0.5, 14.75], "texture": "#0"},
				"east": {"uv": [0.25, 14.5, 0.5, 14.75], "texture": "#0"},
				"south": {"uv": [4.25, 14.5, 4.5, 14.75], "texture": "#0"},
				"west": {"uv": [4.25, 14.5, 4.5, 14.75], "texture": "#0"},
				"up": {"uv": [4.25, 14.5, 4.5, 14.75], "texture": "#0"},
				"down": {"uv": [0.25, 14.5, 0.5, 14.75], "texture": "#0"}
			}
		},
		{
			"from": [0, 5, 14],
			"to": [1, 6, 15],
			"rotation": {"angle": 0, "axis": "y", "origin": [8, 11, 19]},
			"faces": {
				"north": {"uv": [7.5, 14.5, 7.75, 14.75], "texture": "#0"},
				"east": {"uv": [0.25, 14.5, 0.5, 14.75], "texture": "#missing"},
				"south": {"uv": [0.25, 14.5, 0.5, 14.75], "texture": "#missing"},
				"west": {"uv": [3.5, 14.5, 3.75, 14.75], "texture": "#0"},
				"up": {"uv": [7.5, 14.5, 7.75, 14.75], "texture": "#0"},
				"down": {"uv": [0.25, 14.5, 0.5, 14.75], "texture": "#missing"}
			}
		},
		{
			"from": [0, 14, 14],
			"to": [1, 15, 15],
			"rotation": {"angle": 0, "axis": "y", "origin": [8, 20, 19]},
			"faces": {
				"north": {"uv": [7.5, 12.25, 7.75, 12.5], "texture": "#0"},
				"east": {"uv": [0.25, 14.5, 0.5, 14.75], "texture": "#missing"},
				"south": {"uv": [0.25, 14.5, 0.5, 14.75], "texture": "#missing"},
				"west": {"uv": [3.5, 12.25, 3.75, 12.5], "texture": "#0"},
				"up": {"uv": [0.25, 14.5, 0.5, 14.75], "texture": "#missing"},
				"down": {"uv": [7.5, 12.25, 7.75, 12.5], "texture": "#0"}
			}
		},
		{
			"from": [0, 14, 1],
			"to": [1, 15, 2],
			"rotation": {"angle": 0, "axis": "y", "origin": [8, 20, 6]},
			"faces": {
				"north": {"uv": [0.25, 14.5, 0.5, 14.75], "texture": "#missing"},
				"east": {"uv": [0.25, 14.5, 0.5, 14.75], "texture": "#missing"},
				"south": {"uv": [4.25, 12.25, 4.5, 12.5], "texture": "#0"},
				"west": {"uv": [0.25, 12.25, 0.5, 12.5], "texture": "#0"},
				"up": {"uv": [0.25, 14.5, 0.5, 14.75], "texture": "#missing"},
				"down": {"uv": [4.25, 12.25, 4.5, 12.5], "texture": "#0"}
			}
		},
		{
			"from": [1, 13, 2],
			"to": [2, 14, 3],
			"rotation": {"angle": 0, "axis": "y", "origin": [9, 19, 7]},
			"faces": {
				"north": {"uv": [0.25, 14.5, 0.5, 14.75], "texture": "#missing"},
				"east": {"uv": [0.25, 14.5, 0.5, 14.75], "texture": "#missing"},
				"south": {"uv": [4.5, 12.5, 4.75, 12.75], "texture": "#0"},
				"west": {"uv": [0.5, 12.5, 0.75, 12.75], "texture": "#0"},
				"up": {"uv": [0.25, 14.5, 0.5, 14.75], "texture": "#missing"},
				"down": {"uv": [4.5, 12.5, 4.75, 12.75], "texture": "#0"}
			}
		},
		{
			"from": [1, 13, 13],
			"to": [2, 14, 14],
			"rotation": {"angle": 0, "axis": "y", "origin": [9, 19, 18]},
			"faces": {
				"north": {"uv": [7.25, 12.5, 7.5, 12.75], "texture": "#0"},
				"east": {"uv": [0.25, 14.5, 0.5, 14.75], "texture": "#missing"},
				"south": {"uv": [0.25, 14.5, 0.5, 14.75], "texture": "#missing"},
				"west": {"uv": [3.25, 12.5, 3.5, 12.75], "texture": "#0"},
				"up": {"uv": [0.25, 14.5, 0.5, 14.75], "texture": "#missing"},
				"down": {"uv": [7.25, 12.5, 7.5, 12.75], "texture": "#0"}
			}
		},
		{
			"from": [1, 6, 13],
			"to": [2, 7, 14],
			"rotation": {"angle": 0, "axis": "y", "origin": [9, 12, 18]},
			"faces": {
				"north": {"uv": [7.25, 14.25, 7.5, 14.5], "texture": "#0"},
				"east": {"uv": [0.25, 14.5, 0.5, 14.75], "texture": "#missing"},
				"south": {"uv": [0.25, 14.5, 0.5, 14.75], "texture": "#missing"},
				"west": {"uv": [3.25, 14.25, 3.5, 14.5], "texture": "#0"},
				"up": {"uv": [7.25, 14.25, 7.5, 14.5], "texture": "#0"},
				"down": {"uv": [0.25, 14.5, 0.5, 14.75], "texture": "#missing"}
			}
		},
		{
			"from": [1, 6, 2],
			"to": [2, 7, 3],
			"rotation": {"angle": 0, "axis": "y", "origin": [9, 12, 7]},
			"faces": {
				"north": {"uv": [0.25, 14.5, 0.5, 14.75], "texture": "#missing"},
				"east": {"uv": [0.25, 14.5, 0.5, 14.75], "texture": "#missing"},
				"south": {"uv": [4.5, 14.25, 4.75, 14.5], "texture": "#0"},
				"west": {"uv": [0.5, 14.25, 0.75, 14.5], "texture": "#0"},
				"up": {"uv": [4.5, 14.25, 4.75, 14.5], "texture": "#0"},
				"down": {"uv": [0.25, 14.5, 0.5, 14.75], "texture": "#missing"}
			}
		},
		{
			"from": [2, 6, 14],
			"to": [3, 7, 15],
			"rotation": {"angle": 0, "axis": "y", "origin": [10, 12, 19]},
			"faces": {
				"north": {"uv": [0.25, 14.5, 0.5, 14.75], "texture": "#missing"},
				"east": {"uv": [8.5, 14.25, 8.75, 14.5], "texture": "#0"},
				"south": {"uv": [8.5, 14.25, 8.75, 14.5], "texture": "#0"},
				"west": {"uv": [0.5, 14.25, 0.75, 14.5], "texture": "#missing"},
				"up": {"uv": [8.5, 14.25, 8.75, 14.5], "texture": "#0"},
				"down": {"uv": [0.25, 14.5, 0.5, 14.75], "texture": "#missing"}
			}
		},
		{
			"from": [13, 6, 14],
			"to": [14, 7, 15],
			"rotation": {"angle": 0, "axis": "y", "origin": [21, 12, 19]},
			"faces": {
				"north": {"uv": [0.25, 14.5, 0.5, 14.75], "texture": "#missing"},
				"east": {"uv": [0.25, 14.5, 0.5, 14.75], "texture": "#missing"},
				"south": {"uv": [11.25, 14.25, 11.5, 14.5], "texture": "#0"},
				"west": {"uv": [11.25, 14.25, 11.5, 14.5], "texture": "#0"},
				"up": {"uv": [11.25, 14.25, 11.5, 14.5], "texture": "#0"},
				"down": {"uv": [0.25, 14.5, 0.5, 14.75], "texture": "#missing"}
			}
		},
		{
			"from": [14, 6, 13],
			"to": [15, 7, 14],
			"rotation": {"angle": 0, "axis": "y", "origin": [22, 12, 18]},
			"faces": {
				"north": {"uv": [8.5, 14.25, 8.75, 14.5], "texture": "#0"},
				"east": {"uv": [12.5, 14.25, 12.75, 14.5], "texture": "#0"},
				"south": {"uv": [11.25, 14.25, 11.5, 14.5], "texture": "#missing"},
				"west": {"uv": [0, 0, 1, 8], "texture": "#missing"},
				"up": {"uv": [8.5, 14.25, 8.75, 14.5], "texture": "#0"},
				"down": {"uv": [0.25, 14.5, 0.5, 14.75], "texture": "#missing"}
			}
		},
		{
			"from": [14, 6, 2],
			"to": [15, 7, 3],
			"rotation": {"angle": 0, "axis": "y", "origin": [22, 12, 7]},
			"faces": {
				"north": {"uv": [0.25, 14.5, 0.5, 14.75], "texture": "#missing"},
				"east": {"uv": [15.25, 14.25, 15.5, 14.5], "texture": "#0"},
				"south": {"uv": [11.25, 14.25, 11.5, 14.5], "texture": "#0"},
				"west": {"uv": [0, 0, 1, 8], "texture": "#missing"},
				"up": {"uv": [11.25, 14.25, 11.5, 14.5], "texture": "#0"},
				"down": {"uv": [0.25, 14.5, 0.5, 14.75], "texture": "#missing"}
			}
		},
		{
			"from": [14, 13, 2],
			"to": [15, 14, 3],
			"rotation": {"angle": 0, "axis": "y", "origin": [22, 19, 7]},
			"faces": {
				"north": {"uv": [0.25, 14.5, 0.5, 14.75], "texture": "#missing"},
				"east": {"uv": [15.25, 12.5, 15.5, 12.75], "texture": "#0"},
				"south": {"uv": [11.25, 12.5, 11.5, 12.75], "texture": "#0"},
				"west": {"uv": [0, 0, 1, 8], "texture": "#missing"},
				"up": {"uv": [0.25, 14.5, 0.5, 14.75], "texture": "#missing"},
				"down": {"uv": [11.25, 12.5, 11.5, 12.75], "texture": "#0"}
			}
		},
		{
			"from": [14, 13, 13],
			"to": [15, 14, 14],
			"rotation": {"angle": 0, "axis": "y", "origin": [22, 19, 18]},
			"faces": {
				"north": {"uv": [8.5, 12.5, 8.75, 12.75], "texture": "#0"},
				"east": {"uv": [12.5, 12.5, 12.75, 12.75], "texture": "#0"},
				"south": {"uv": [11.25, 14.25, 11.5, 14.5], "texture": "#missing"},
				"west": {"uv": [0, 0, 1, 8], "texture": "#missing"},
				"up": {"uv": [0.25, 14.5, 0.5, 14.75], "texture": "#missing"},
				"down": {"uv": [8.5, 12.5, 8.75, 12.75], "texture": "#0"}
			}
		},
		{
			"from": [15, 14, 14],
			"to": [16, 15, 15],
			"rotation": {"angle": 0, "axis": "y", "origin": [23, 20, 19]},
			"faces": {
				"north": {"uv": [8.25, 12.25, 8.5, 12.5], "texture": "#0"},
				"east": {"uv": [12.25, 12.25, 12.5, 12.5], "texture": "#0"},
				"south": {"uv": [11.25, 14.25, 11.5, 14.5], "texture": "#missing"},
				"west": {"uv": [0, 0, 1, 8], "texture": "#missing"},
				"up": {"uv": [0.25, 14.5, 0.5, 14.75], "texture": "#missing"},
				"down": {"uv": [8.25, 12.25, 8.5, 12.5], "texture": "#0"}
			}
		},
		{
			"from": [15, 14, 1],
			"to": [16, 15, 2],
			"rotation": {"angle": 0, "axis": "y", "origin": [23, 20, 6]},
			"faces": {
				"north": {"uv": [0.25, 14.5, 0.5, 14.75], "texture": "#missing"},
				"east": {"uv": [15.5, 12.25, 15.75, 12.5], "texture": "#0"},
				"south": {"uv": [11.5, 12.25, 11.75, 12.5], "texture": "#0"},
				"west": {"uv": [0, 0, 1, 8], "texture": "#missing"},
				"up": {"uv": [0.25, 14.5, 0.5, 14.75], "texture": "#missing"},
				"down": {"uv": [11.5, 12.25, 11.75, 12.5], "texture": "#0"}
			}
		},
		{
			"from": [15, 5, 1],
			"to": [16, 6, 2],
			"rotation": {"angle": 0, "axis": "y", "origin": [23, 11, 6]},
			"faces": {
				"north": {"uv": [0.25, 14.5, 0.5, 14.75], "texture": "#missing"},
				"east": {"uv": [15.5, 14.5, 15.75, 14.75], "texture": "#0"},
				"south": {"uv": [11.5, 14.5, 11.75, 14.75], "texture": "#0"},
				"west": {"uv": [0, 0, 1, 8], "texture": "#missing"},
				"up": {"uv": [11.5, 14.5, 11.75, 14.75], "texture": "#0"},
				"down": {"uv": [0.25, 14.5, 0.5, 14.75], "texture": "#missing"}
			}
		},
		{
			"from": [15, 5, 14],
			"to": [16, 6, 15],
			"rotation": {"angle": 0, "axis": "y", "origin": [23, 11, 19]},
			"faces": {
				"north": {"uv": [8.25, 14.5, 8.5, 14.75], "texture": "#0"},
				"east": {"uv": [12.25, 14.5, 12.5, 14.75], "texture": "#0"},
				"south": {"uv": [11.25, 14.25, 11.5, 14.5], "texture": "#missing"},
				"west": {"uv": [0, 0, 1, 8], "texture": "#missing"},
				"up": {"uv": [8.25, 14.5, 8.5, 14.75], "texture": "#0"},
				"down": {"uv": [0.25, 14.5, 0.5, 14.75], "texture": "#missing"}
			}
		},
		{
			"from": [13, 13, 14],
			"to": [14, 14, 15],
			"rotation": {"angle": 0, "axis": "y", "origin": [21, 19, 19]},
			"faces": {
				"north": {"uv": [0.25, 14.5, 0.5, 14.75], "texture": "#missing"},
				"east": {"uv": [0.25, 14.5, 0.5, 14.75], "texture": "#missing"},
				"south": {"uv": [11.25, 12.5, 11.5, 12.75], "texture": "#0"},
				"west": {"uv": [11.25, 12.5, 11.5, 12.75], "texture": "#0"},
				"up": {"uv": [0.25, 14.5, 0.5, 14.75], "texture": "#missing"},
				"down": {"uv": [11.25, 12.5, 11.5, 12.75], "texture": "#0"}
			}
		},
		{
			"from": [2, 13, 14],
			"to": [3, 14, 15],
			"rotation": {"angle": 0, "axis": "y", "origin": [10, 19, 19]},
			"faces": {
				"north": {"uv": [0.25, 14.5, 0.5, 14.75], "texture": "#missing"},
				"east": {"uv": [8.5, 12.5, 8.75, 12.75], "texture": "#0"},
				"south": {"uv": [8.5, 12.5, 8.75, 12.75], "texture": "#0"},
				"west": {"uv": [0, 0, 1, 8], "texture": "#missing"},
				"up": {"uv": [0.25, 14.5, 0.5, 14.75], "texture": "#missing"},
				"down": {"uv": [8.5, 12.5, 8.75, 12.75], "texture": "#0"}
			}
		},
		{
			"from": [1, 14, 15],
			"to": [2, 15, 16],
			"rotation": {"angle": 0, "axis": "y", "origin": [9, 20, 20]},
			"faces": {
				"north": {"uv": [0.25, 14.5, 0.5, 14.75], "texture": "#missing"},
				"east": {"uv": [8.25, 12.25, 8.5, 12.5], "texture": "#0"},
				"south": {"uv": [8.25, 12.25, 8.5, 12.5], "texture": "#0"},
				"west": {"uv": [0, 0, 1, 8], "texture": "#missing"},
				"up": {"uv": [0.25, 14.5, 0.5, 14.75], "texture": "#missing"},
				"down": {"uv": [8.25, 12.25, 8.5, 12.5], "texture": "#0"}
			}
		},
		{
			"from": [14, 14, 15],
			"to": [15, 15, 16],
			"rotation": {"angle": 0, "axis": "y", "origin": [22, 20, 20]},
			"faces": {
				"north": {"uv": [0.25, 14.5, 0.5, 14.75], "texture": "#missing"},
				"east": {"uv": [0.25, 14.5, 0.5, 14.75], "texture": "#missing"},
				"south": {"uv": [11.5, 12.25, 11.75, 12.5], "texture": "#0"},
				"west": {"uv": [11.5, 12.25, 11.75, 12.5], "texture": "#0"},
				"up": {"uv": [0.25, 14.5, 0.5, 14.75], "texture": "#missing"},
				"down": {"uv": [11.5, 12.25, 11.75, 12.5], "texture": "#0"}
			}
		},
		{
			"from": [14, 5, 15],
			"to": [15, 6, 16],
			"rotation": {"angle": 0, "axis": "y", "origin": [22, 11, 20]},
			"faces": {
				"north": {"uv": [0.25, 14.5, 0.5, 14.75], "texture": "#missing"},
				"east": {"uv": [0.25, 14.5, 0.5, 14.75], "texture": "#missing"},
				"south": {"uv": [11.5, 14.5, 11.75, 14.75], "texture": "#0"},
				"west": {"uv": [11.5, 14.5, 11.75, 14.75], "texture": "#0"},
				"up": {"uv": [11.5, 14.5, 11.75, 14.75], "texture": "#0"},
				"down": {"uv": [0.25, 14.5, 0.5, 14.75], "texture": "#missing"}
			}
		},
		{
			"from": [1, 5, 15],
			"to": [2, 6, 16],
			"rotation": {"angle": 0, "axis": "y", "origin": [9, 11, 20]},
			"faces": {
				"north": {"uv": [0.25, 14.5, 0.5, 14.75], "texture": "#missing"},
				"east": {"uv": [8.25, 14.5, 8.5, 14.75], "texture": "#0"},
				"south": {"uv": [8.25, 14.5, 8.5, 14.75], "texture": "#0"},
				"west": {"uv": [0, 0, 1, 8], "texture": "#missing"},
				"up": {"uv": [8.25, 14.5, 8.5, 14.75], "texture": "#0"},
				"down": {"uv": [0.25, 14.5, 0.5, 14.75], "texture": "#missing"}
			}
		},
		{
			"from": [2, 8, 6],
			"to": [3, 9, 7],
			"rotation": {"angle": 0, "axis": "y", "origin": [10, 14, 11]},
			"faces": {
				"north": {"uv": [0.25, 14.5, 0.5, 14.75], "texture": "#missing"},
				"east": {"uv": [0.25, 14.5, 0.5, 14.75], "texture": "#missing"},
				"south": {"uv": [5.5, 13.75, 5.75, 14], "texture": "#0"},
				"west": {"uv": [5.5, 13.75, 5.75, 14], "texture": "#0"},
				"up": {"uv": [5.5, 13.75, 5.75, 14], "texture": "#0"},
				"down": {"uv": [0.25, 14.5, 0.5, 14.75], "texture": "#missing"}
			}
		},
		{
			"from": [2, 8, 9],
			"to": [3, 9, 10],
			"rotation": {"angle": 0, "axis": "y", "origin": [10, 14, 14]},
			"faces": {
				"north": {"uv": [6.25, 13.75, 6.5, 14], "texture": "#0"},
				"east": {"uv": [0.25, 14.5, 0.5, 14.75], "texture": "#missing"},
				"south": {"uv": [0.25, 14.5, 0.5, 14.75], "texture": "#missing"},
				"west": {"uv": [6.25, 13.75, 6.5, 14], "texture": "#0"},
				"up": {"uv": [6.25, 13.75, 6.5, 14], "texture": "#0"},
				"down": {"uv": [0.25, 14.5, 0.5, 14.75], "texture": "#missing"}
			}
		},
		{
			"from": [6, 8, 13],
			"to": [7, 9, 14],
			"rotation": {"angle": 0, "axis": "y", "origin": [14, 14, 18]},
			"faces": {
				"north": {"uv": [6.25, 13.75, 6.5, 14], "texture": "#missing"},
				"east": {"uv": [9.5, 13.75, 9.75, 14], "texture": "#0"},
				"south": {"uv": [9.5, 13.75, 9.75, 14], "texture": "#0"},
				"west": {"uv": [6.25, 13.75, 6.5, 14], "texture": "#missing"},
				"up": {"uv": [9.5, 13.75, 9.75, 14], "texture": "#0"},
				"down": {"uv": [0.25, 14.5, 0.5, 14.75], "texture": "#missing"}
			}
		},
		{
			"from": [9, 8, 13],
			"to": [10, 9, 14],
			"rotation": {"angle": 0, "axis": "y", "origin": [17, 14, 18]},
			"faces": {
				"north": {"uv": [6.25, 13.75, 6.5, 14], "texture": "#missing"},
				"east": {"uv": [0.25, 14.5, 0.5, 14.75], "texture": "#missing"},
				"south": {"uv": [10.25, 13.75, 10.5, 14], "texture": "#0"},
				"west": {"uv": [10.25, 13.75, 10.5, 14], "texture": "#0"},
				"up": {"uv": [10.25, 13.75, 10.5, 14], "texture": "#0"},
				"down": {"uv": [0.25, 14.5, 0.5, 14.75], "texture": "#missing"}
			}
		},
		{
			"from": [13, 8, 9],
			"to": [14, 9, 10],
			"rotation": {"angle": 0, "axis": "y", "origin": [21, 14, 14]},
			"faces": {
				"north": {"uv": [13.5, 13.75, 13.75, 14], "texture": "#0"},
				"east": {"uv": [13.5, 13.75, 13.75, 14], "texture": "#0"},
				"south": {"uv": [10.25, 13.75, 10.5, 14], "texture": "#missing"},
				"west": {"uv": [10.25, 13.75, 10.5, 14], "texture": "#missing"},
				"up": {"uv": [13.5, 13.75, 13.75, 14], "texture": "#0"},
				"down": {"uv": [0.25, 14.5, 0.5, 14.75], "texture": "#missing"}
			}
		},
		{
			"from": [13, 11, 9],
			"to": [14, 12, 10],
			"rotation": {"angle": 0, "axis": "y", "origin": [21, 17, 14]},
			"faces": {
				"north": {"uv": [13.5, 13, 13.75, 13.25], "texture": "#0"},
				"east": {"uv": [13.5, 13, 13.75, 13.25], "texture": "#0"},
				"south": {"uv": [10.25, 13.75, 10.5, 14], "texture": "#missing"},
				"west": {"uv": [10.25, 13.75, 10.5, 14], "texture": "#missing"},
				"up": {"uv": [13.5, 13.75, 13.75, 14], "texture": "#missing"},
				"down": {"uv": [13.5, 13, 13.75, 13.25], "texture": "#0"}
			}
		},
		{
			"from": [13, 11, 6],
			"to": [14, 12, 7],
			"rotation": {"angle": 0, "axis": "y", "origin": [21, 17, 11]},
			"faces": {
				"north": {"uv": [13.5, 13.75, 13.75, 14], "texture": "#missing"},
				"east": {"uv": [14.25, 13, 14.5, 13.25], "texture": "#0"},
				"south": {"uv": [14.25, 13, 14.5, 13.25], "texture": "#0"},
				"west": {"uv": [10.25, 13.75, 10.5, 14], "texture": "#missing"},
				"up": {"uv": [13.5, 13.75, 13.75, 14], "texture": "#missing"},
				"down": {"uv": [14.25, 13, 14.5, 13.25], "texture": "#0"}
			}
		},
		{
			"from": [13, 8, 6],
			"to": [14, 9, 7],
			"rotation": {"angle": 0, "axis": "y", "origin": [21, 14, 11]},
			"faces": {
				"north": {"uv": [13.5, 13.75, 13.75, 14], "texture": "#missing"},
				"east": {"uv": [14.25, 13.75, 14.5, 14], "texture": "#0"},
				"south": {"uv": [14.25, 13.75, 14.5, 14], "texture": "#0"},
				"west": {"uv": [10.25, 13.75, 10.5, 14], "texture": "#missing"},
				"up": {"uv": [14.25, 13.75, 14.5, 14], "texture": "#0"},
				"down": {"uv": [0.25, 14.5, 0.5, 14.75], "texture": "#missing"}
			}
		},
		{
			"from": [9, 11, 13],
			"to": [10, 12, 14],
			"rotation": {"angle": 0, "axis": "y", "origin": [17, 17, 18]},
			"faces": {
				"north": {"uv": [6.25, 13.75, 6.5, 14], "texture": "#missing"},
				"east": {"uv": [0.25, 14.5, 0.5, 14.75], "texture": "#missing"},
				"south": {"uv": [10.25, 13, 10.5, 13.25], "texture": "#0"},
				"west": {"uv": [10.25, 13, 10.5, 13.25], "texture": "#0"},
				"up": {"uv": [6.25, 13.75, 6.5, 14], "texture": "#missing"},
				"down": {"uv": [10.25, 13, 10.5, 13.25], "texture": "#0"}
			}
		},
		{
			"from": [6, 11, 13],
			"to": [7, 12, 14],
			"rotation": {"angle": 0, "axis": "y", "origin": [14, 17, 18]},
			"faces": {
				"north": {"uv": [6.25, 13.75, 6.5, 14], "texture": "#missing"},
				"east": {"uv": [9.5, 13, 9.75, 13.25], "texture": "#0"},
				"south": {"uv": [9.5, 13, 9.75, 13.25], "texture": "#0"},
				"west": {"uv": [6.25, 13.75, 6.5, 14], "texture": "#missing"},
				"up": {"uv": [6.25, 13.75, 6.5, 14], "texture": "#missing"},
				"down": {"uv": [9.5, 13, 9.75, 13.25], "texture": "#0"}
			}
		},
		{
			"from": [2, 11, 9],
			"to": [3, 12, 10],
			"rotation": {"angle": 0, "axis": "y", "origin": [10, 17, 14]},
			"faces": {
				"north": {"uv": [6.25, 13, 6.5, 13.25], "texture": "#0"},
				"east": {"uv": [0.25, 14.5, 0.5, 14.75], "texture": "#missing"},
				"south": {"uv": [0.25, 14.5, 0.5, 14.75], "texture": "#missing"},
				"west": {"uv": [6.25, 13, 6.5, 13.25], "texture": "#0"},
				"up": {"uv": [0.25, 14.5, 0.5, 14.75], "texture": "#missing"},
				"down": {"uv": [6.25, 13, 6.5, 13.25], "texture": "#0"}
			}
		},
		{
			"from": [2, 11, 6],
			"to": [3, 12, 7],
			"rotation": {"angle": 0, "axis": "y", "origin": [10, 17, 11]},
			"faces": {
				"north": {"uv": [0.25, 14.5, 0.5, 14.75], "texture": "#missing"},
				"east": {"uv": [0.25, 14.5, 0.5, 14.75], "texture": "#missing"},
				"south": {"uv": [5.5, 13, 5.75, 13.25], "texture": "#0"},
				"west": {"uv": [5.5, 13, 5.75, 13.25], "texture": "#0"},
				"up": {"uv": [0.25, 14.5, 0.5, 14.75], "texture": "#missing"},
				"down": {"uv": [5.5, 13, 5.75, 13.25], "texture": "#0"}
			}
		},
		{
			"from": [3, 9, 6],
			"to": [13, 11, 7],
			"rotation": {"angle": 0, "axis": "y", "origin": [11, 15, 11]},
			"faces": {
				"north": {"uv": [0.25, 14.5, 0.5, 14.75], "texture": "#missing"},
				"east": {"uv": [14.25, 13.25, 14.5, 13.75], "texture": "#0"},
				"south": {"uv": [1.5, 13.25, 2.5, 13.75], "texture": "#0"},
				"west": {"uv": [5.5, 13.25, 5.75, 13.75], "texture": "#0"},
				"up": {"uv": [0.25, 14.5, 0.5, 14.75], "texture": "#missing"},
				"down": {"uv": [0.25, 14.5, 0.5, 14.75], "texture": "#missing"}
			}
		},
		{
			"from": [3, 9, 9],
			"to": [13, 11, 10],
			"rotation": {"angle": 0, "axis": "y", "origin": [11, 15, 14]},
			"faces": {
				"north": {"uv": [1.5, 13.25, 2.5, 13.75], "texture": "#0"},
				"east": {"uv": [13.5, 13.25, 13.75, 13.75], "texture": "#0"},
				"south": {"uv": [0.25, 14.5, 0.5, 14.75], "texture": "#missing"},
				"west": {"uv": [6.25, 13.25, 6.5, 13.75], "texture": "#0"},
				"up": {"uv": [0.25, 14.5, 0.5, 14.75], "texture": "#missing"},
				"down": {"uv": [0.25, 14.5, 0.5, 14.75], "texture": "#missing"}
			}
		},
		{
			"from": [14, 5, 0],
			"to": [15, 6, 1],
			"rotation": {"angle": 0, "axis": "y", "origin": [22, 11, 5]},
			"faces": {
				"north": {"uv": [0.25, 14.5, 0.5, 14.75], "texture": "#0"},
				"east": {"uv": [0, 0, 1, 1], "texture": "#missing"},
				"south": {"uv": [0, 0, 1, 1], "texture": "#missing"},
				"west": {"uv": [0.25, 14.5, 0.5, 14.75], "texture": "#0"},
				"up": {"uv": [0.25, 14.5, 0.5, 14.75], "texture": "#0"},
				"down": {"uv": [0, 0, 1, 1], "texture": "#missing"}
			}
		},
		{
			"from": [13, 6, 1],
			"to": [14, 7, 2],
			"rotation": {"angle": 0, "axis": "y", "origin": [21, 12, 6]},
			"faces": {
				"north": {"uv": [0.5, 14.25, 0.75, 14.5], "texture": "#0"},
				"east": {"uv": [0, 0, 1, 1], "texture": "#missing"},
				"south": {"uv": [0, 0, 1, 1], "texture": "#missing"},
				"west": {"uv": [4.5, 14.25, 4.75, 14.5], "texture": "#0"},
				"up": {"uv": [4.5, 14.25, 4.75, 14.5], "texture": "#0"},
				"down": {"uv": [0, 0, 1, 1], "texture": "#missing"}
			}
		},
		{
			"from": [13, 13, 1],
			"to": [14, 14, 2],
			"rotation": {"angle": 0, "axis": "y", "origin": [21, 19, 6]},
			"faces": {
				"north": {"uv": [0.5, 12.5, 0.75, 12.75], "texture": "#0"},
				"east": {"uv": [0, 0, 1, 1], "texture": "#missing"},
				"south": {"uv": [0, 0, 1, 1], "texture": "#missing"},
				"west": {"uv": [0.5, 12.5, 0.75, 12.75], "texture": "#0"},
				"up": {"uv": [0, 0, 1, 1], "texture": "#missing"},
				"down": {"uv": [0.5, 12.5, 0.75, 12.75], "texture": "#0"}
			}
		},
		{
			"from": [2, 6, 1],
			"to": [3, 7, 2],
			"rotation": {"angle": 0, "axis": "y", "origin": [10, 12, 6]},
			"faces": {
				"north": {"uv": [3.25, 14.25, 3.5, 14.5], "texture": "#0"},
				"east": {"uv": [7.25, 14.25, 7.5, 14.5], "texture": "#0"},
				"south": {"uv": [0, 0, 1, 1], "texture": "#missing"},
				"west": {"uv": [0, 0, 1, 1], "texture": "#missing"},
				"up": {"uv": [3.25, 14.25, 3.5, 14.5], "texture": "#0"},
				"down": {"uv": [0, 0, 1, 1], "texture": "#missing"}
			}
		},
		{
			"from": [9, 11, 2],
			"to": [10, 12, 3],
			"rotation": {"angle": 0, "axis": "y", "origin": [17, 17, 7]},
			"faces": {
				"north": {"uv": [1.5, 13, 1.75, 13.25], "texture": "#0"},
				"east": {"uv": [0, 0, 1, 1], "texture": "#missing"},
				"south": {"uv": [0, 0, 1, 1], "texture": "#missing"},
				"west": {"uv": [5.5, 13, 5.75, 13.25], "texture": "#0"},
				"up": {"uv": [0, 0, 1, 1], "texture": "#missing"},
				"down": {"uv": [1.5, 13, 1.75, 13.25], "texture": "#0"}
			}
		},
		{
			"from": [9, 8, 2],
			"to": [10, 9, 3],
			"rotation": {"angle": 0, "axis": "y", "origin": [17, 14, 7]},
			"faces": {
				"north": {"uv": [1.5, 13.75, 1.75, 14], "texture": "#0"},
				"east": {"uv": [0, 0, 1, 1], "texture": "#missing"},
				"south": {"uv": [0, 0, 1, 1], "texture": "#missing"},
				"west": {"uv": [1.5, 13.75, 1.75, 14], "texture": "#0"},
				"up": {"uv": [1.5, 13.75, 1.75, 14], "texture": "#0"},
				"down": {"uv": [0, 0, 1, 1], "texture": "#missing"}
			}
		},
		{
			"from": [6, 8, 2],
			"to": [7, 9, 3],
			"rotation": {"angle": 0, "axis": "y", "origin": [14, 14, 7]},
			"faces": {
				"north": {"uv": [2.25, 13.75, 2.5, 14], "texture": "#0"},
				"east": {"uv": [2.25, 13.75, 2.5, 14], "texture": "#0"},
				"south": {"uv": [0, 0, 1, 1], "texture": "#missing"},
				"west": {"uv": [0, 0, 1, 1], "texture": "#missing"},
				"up": {"uv": [2.25, 13.75, 2.5, 14], "texture": "#0"},
				"down": {"uv": [0, 0, 1, 1], "texture": "#missing"}
			}
		},
		{
			"from": [6, 11, 2],
			"to": [7, 12, 3],
			"rotation": {"angle": 0, "axis": "y", "origin": [14, 17, 7]},
			"faces": {
				"north": {"uv": [2.25, 13, 2.5, 13.25], "texture": "#0"},
				"east": {"uv": [2.25, 13, 2.5, 13.25], "texture": "#0"},
				"south": {"uv": [0, 0, 1, 1], "texture": "#missing"},
				"west": {"uv": [0, 0, 1, 1], "texture": "#missing"},
				"up": {"uv": [0, 0, 1, 1], "texture": "#missing"},
				"down": {"uv": [2.25, 13, 2.5, 13.25], "texture": "#0"}
			}
		},
		{
			"from": [9, 9, 3],
			"to": [10, 11, 13],
			"rotation": {"angle": 0, "axis": "y", "origin": [17, 16, 8]},
			"faces": {
				"north": {"uv": [1.5, 13.25, 1.75, 13.75], "texture": "#0"},
				"east": {"uv": [0, 0, 10, 2], "texture": "#missing"},
				"south": {"uv": [10.25, 13.25, 10.5, 13.75], "texture": "#0"},
				"west": {"uv": [5.5, 13.25, 5.75, 13.75], "texture": "#0"},
				"up": {"uv": [0, 0, 1, 10], "texture": "#missing"},
				"down": {"uv": [0, 0, 1, 10], "texture": "#missing"}
			}
		},
		{
			"from": [6, 9, 3],
			"to": [7, 11, 13],
			"rotation": {"angle": 0, "axis": "y", "origin": [14, 16, 8]},
			"faces": {
				"north": {"uv": [1.5, 13.25, 1.75, 13.75], "texture": "#0"},
				"east": {"uv": [5.5, 13.25, 5.75, 13.75], "texture": "#0"},
				"south": {"uv": [9.5, 13.25, 9.75, 13.75], "texture": "#0"},
				"west": {"uv": [0, 0, 10, 2], "texture": "#missing"},
				"up": {"uv": [0, 0, 1, 10], "texture": "#missing"},
				"down": {"uv": [0, 0, 1, 10], "texture": "#missing"}
			}
		},
		{
			"from": [0, 15, 2],
			"to": [2, 16, 14],
			"rotation": {"angle": 0, "axis": "y", "origin": [8, 23, 10]},
			"faces": {
				"north": {"uv": [0, 0, 2, 1], "texture": "#missing"},
				"east": {"uv": [0.5, 12, 3.5, 12.25], "texture": "#0"},
				"south": {"uv": [0, 0, 2, 1], "texture": "#missing"},
				"west": {"uv": [0.5, 12, 3.5, 12.25], "texture": "#0"},
				"up": {"uv": [3.5, 0.5, 4, 3.5], "texture": "#0"},
				"down": {"uv": [12, 8, 12.25, 12], "texture": "#0"}
			}
		},
		{
			"from": [14, 15, 2],
			"to": [16, 16, 14],
			"rotation": {"angle": 0, "axis": "y", "origin": [22, 23, 10]},
			"faces": {
				"north": {"uv": [0, 0, 2, 1], "texture": "#missing"},
				"east": {"uv": [0.5, 12, 3.5, 12.25], "texture": "#0"},
				"south": {"uv": [0, 0, 2, 1], "texture": "#missing"},
				"west": {"uv": [0.5, 12, 3.5, 12.25], "texture": "#0"},
				"up": {"uv": [0, 0.5, 0.5, 3.5], "texture": "#0"},
				"down": {"uv": [12, 8.25, 12.25, 11.75], "texture": "#0"}
			}
		}
	],
	"display": {
		"thirdperson_righthand": {
			"rotation": [75, 45, 0],
			"translation": [0, 2.5, 0],
			"scale": [0.375, 0.375, 0.375]
		},
		"thirdperson_lefthand": {
			"rotation": [75, 45, 0],
			"translation": [0, 2.5, 0],
			"scale": [0.375, 0.375, 0.375]
		},
		"firstperson_righthand": {
			"rotation": [0, 45, 0],
			"scale": [0.4, 0.4, 0.4]
		},
		"firstperson_lefthand": {
			"rotation": [0, 225, 0],
			"scale": [0.4, 0.4, 0.4]
		},
		"ground": {
			"translation": [0, 3, 0],
			"scale": [0.25, 0.25, 0.25]
		},
		"gui": {
			"rotation": [30, 225, 0],
			"scale": [0.625, 0.625, 0.625]
		},
		"fixed": {
			"scale": [0.5, 0.5, 0.5]
		}
	}
}