{
	"credit": "Made with Blockbench",
	"textures": {
		"0": "block/soul_torch",
		"particle": "block/soul_torch"
	},
	"elements": [
		{
			"name": "Center",
			"from": [7, 0, 7],
			"to": [9, 10, 9],
			"faces": {
				"north": {"uv": [7, 4, 9, 14], "texture": "#0"},
				"east": {"uv": [13, 4, 15, 14], "texture": "#0"},
				"south": {"uv": [11, 4, 13, 14], "texture": "#0"},
				"west": {"uv": [13, 4, 15, 14], "texture": "#0"},
				"up": {"uv": [7, 2, 9, 4], "texture": "#0"},
				"down": {"uv": [7, 0, 9, 2], "texture": "#0"}
			}
		},
		{
			"name": "Cage_base",
			"from": [6, 0, 6],
			"to": [10, 1, 10],
			"faces": {
				"north": {"uv": [0, 8, 4, 9], "texture": "#0"},
				"east": {"uv": [0, 11, 4, 12], "texture": "#0"},
				"south": {"uv": [0, 9, 4, 10], "texture": "#0"},
				"west": {"uv": [7, 7, 11, 8], "texture": "#0"},
				"up": {"uv": [0, 12, 4, 16], "texture": "#0"},
				"down": {"uv": [0, 8, 4, 12], "texture": "#0"}
			}
		},
		{
			"name": "Cage_base",
			"from": [6, 7, 6],
			"to": [10, 8, 10],
			"faces": {
				"north": {"uv": [0, 1, 4, 2], "texture": "#0"},
				"east": {"uv": [0, 3, 4, 4], "texture": "#0"},
				"south": {"uv": [0, 2, 4, 3], "texture": "#0"},
				"west": {"uv": [0, 0, 4, 1], "texture": "#0"},
				"up": {"uv": [0, 4, 4, 8], "texture": "#0"},
				"down": {"uv": [0, 0, 4, 4], "texture": "#0"}
			}
		}
	],
	"display": {
		"thirdperson_righthand": {
			"rotation": [1, 90, 55],
			"translation": [0, 3.5, 6],
			"scale": [0.85, 0.85, 0.85]
		},
		"thirdperson_lefthand": {
			"rotation": [0, -90, -55],
			"translation": [0, 4, 5.75],
			"scale": [0.85, 0.85, 0.85]
		},
		"firstperson_righthand": {
			"translation": [1.25, 3.75, 0]
		},
		"firstperson_lefthand": {
			"translation": [0.75, 3.75, 0]
		},
		"ground": {
			"translation": [0, 5, 0]
		},
		"head": {
			"translation": [0, 20.5, 0],
			"scale": [1.82, 1.82, 1.82]
		}
	}
}