{
	"credit": "Made with Blockbench",
	"textures": {
		"0": "block/sugar_cane",
		"particle": "block/sugar_cane"
	},
	"elements": [
		{
			"from": [2, 0, 3],
			"to": [4, 16, 5],
			"faces": {
				"north": {"uv": [2, 0, 4, 16], "texture": "#0"},
				"east": {"uv": [0, 0, 2, 16], "texture": "#0"},
				"south": {"uv": [2, 0, 4, 16], "texture": "#0"},
				"west": {"uv": [0, 0, 2, 16], "texture": "#0"},
				"up": {"uv": [12, 7, 14, 9], "texture": "#0"},
				"down": {"uv": [14, 7, 16, 9], "texture": "#0"}
			}
		},
		{
			"from": [3, 0, 11],
			"to": [5, 16, 13],
			"faces": {
				"north": {"uv": [4, 0, 6, 16], "texture": "#0"},
				"east": {"uv": [6, 0, 8, 16], "texture": "#0"},
				"south": {"uv": [4, 0, 6, 16], "texture": "#0"},
				"west": {"uv": [6, 0, 8, 16], "texture": "#0"},
				"up": {"uv": [5, 0, 7, 2], "texture": "#0"},
				"down": {"uv": [14, 7, 16, 9], "texture": "#0"}
			}
		},
		{
			"from": [6, 0, 7],
			"to": [8, 16, 9],
			"faces": {
				"north": {"uv": [8, 0, 10, 16], "texture": "#0"},
				"east": {"uv": [10, 0, 12, 16], "texture": "#0"},
				"south": {"uv": [8, 0, 10, 16], "texture": "#0"},
				"west": {"uv": [10, 0, 12, 16], "texture": "#0"},
				"up": {"uv": [5, 9, 7, 11], "texture": "#0"},
				"down": {"uv": [14, 7, 16, 9], "texture": "#0"}
			}
		},
		{
			"from": [11, 0, 12],
			"to": [13, 16, 14],
			"faces": {
				"north": {"uv": [6, 0, 8, 16], "texture": "#0"},
				"east": {"uv": [4, 0, 6, 16], "texture": "#0"},
				"south": {"uv": [6, 0, 8, 16], "texture": "#0"},
				"west": {"uv": [4, 0, 6, 16], "texture": "#0"},
				"up": {"uv": [0, 1, 2, 3], "texture": "#0"},
				"down": {"uv": [14, 7, 16, 9], "texture": "#0"}
			}
		},
		{
			"from": [12, 0, 6],
			"to": [14, 16, 8],
			"faces": {
				"north": {"uv": [0, 0, 2, 16], "texture": "#0"},
				"east": {"uv": [0, 0, 2, 16], "texture": "#0"},
				"south": {"uv": [0, 0, 2, 16], "texture": "#0"},
				"west": {"uv": [0, 0, 2, 16], "texture": "#0"},
				"up": {"uv": [7, 10, 9, 12], "texture": "#0"},
				"down": {"uv": [14, 7, 16, 9], "texture": "#0"}
			}
		},
		{
			"from": [7, 0, 2],
			"to": [9, 16, 4],
			"faces": {
				"north": {"uv": [8, 0, 10, 16], "texture": "#0"},
				"east": {"uv": [10, 0, 12, 16], "texture": "#0"},
				"south": {"uv": [0, 0, 2, 16], "texture": "#0"},
				"west": {"uv": [2, 0, 4, 16], "texture": "#0"},
				"up": {"uv": [1, 13, 3, 15], "texture": "#0"},
				"down": {"uv": [14, 7, 16, 9], "texture": "#0"}
			}
		},
		{
			"from": [14, 7, 7],
			"to": [16, 10, 7],
			"rotation": {"angle": 0, "axis": "y", "origin": [15, 7, 7]},
			"faces": {
				"north": {"uv": [13, 3, 15, 6], "texture": "#0"},
				"east": {"uv": [0, 0, 0, 3], "texture": "#missing"},
				"south": {"uv": [12, 3, 14, 6], "texture": "#0"},
				"west": {"uv": [0, 0, 0, 3], "texture": "#missing"},
				"up": {"uv": [0, 0, 2, 0], "rotation": 180, "texture": "#missing"},
				"down": {"uv": [0, 0, 2, 0], "rotation": 180, "texture": "#missing"}
			}
		},
		{
			"from": [8, 9, 0],
			"to": [8, 12, 2],
			"rotation": {"angle": 0, "axis": "y", "origin": [8, 10.5, 1]},
			"faces": {
				"north": {"uv": [0, 0, 0, 3], "texture": "#0"},
				"east": {"uv": [12, 3, 14, 6], "texture": "#0"},
				"south": {"uv": [0, 0, 0, 3], "texture": "#0"},
				"west": {"uv": [13, 3, 15, 6], "texture": "#0"},
				"up": {"uv": [0, 0, 2, 0], "rotation": 90, "texture": "#0"},
				"down": {"uv": [0, 0, 2, 0], "rotation": 270, "texture": "#0"}
			}
		},
		{
			"from": [9, 12, 13],
			"to": [11, 15, 13],
			"faces": {
				"north": {"uv": [12, 3, 14, 6], "texture": "#0"},
				"east": {"uv": [0, 0, 0, 3], "texture": "#0"},
				"south": {"uv": [13, 3, 15, 6], "texture": "#0"},
				"west": {"uv": [0, 0, 0, 3], "texture": "#0"},
				"up": {"uv": [0, 0, 2, 0], "texture": "#0"},
				"down": {"uv": [0, 0, 2, 0], "texture": "#0"}
			}
		},
		{
			"from": [0, 13, 4],
			"to": [2, 16, 4],
			"faces": {
				"north": {"uv": [12, 3, 14, 6], "texture": "#0"},
				"east": {"uv": [0, 0, 0, 3], "texture": "#0"},
				"south": {"uv": [13, 3, 15, 6], "texture": "#0"},
				"west": {"uv": [0, 0, 0, 3], "texture": "#0"},
				"up": {"uv": [0, 0, 2, 0], "texture": "#0"},
				"down": {"uv": [0, 0, 2, 0], "texture": "#0"}
			}
		}
	]
}