{
	"credit": "Made with Blockbench",
	"textures": {
		"0": "block/sugar_cane",
		"particle": "block/sugar_cane"
	},
	"elements": [
		{
			"from": [2, 0, 3],
			"to": [4, 16, 5],
			"faces": {
				"north": {"uv": [2, 0, 4, 16], "texture": "#0"},
				"east": {"uv": [0, 0, 2, 16], "texture": "#0"},
				"south": {"uv": [2, 0, 4, 16], "texture": "#0"},
				"west": {"uv": [0, 0, 2, 16], "texture": "#0"},
				"up": {"uv": [4, 0, 6, 2], "texture": "#0"},
				"down": {"uv": [4, 0, 6, 2], "texture": "#0"}
			}
		},
		{
			"from": [3, 0, 11],
			"to": [5, 16, 13],
			"color": 6,
			"faces": {
				"north": {"uv": [0, 0, 2, 16], "texture": "#missing"},
				"east": {"uv": [0, 0, 2, 16], "texture": "#missing"},
				"south": {"uv": [0, 0, 2, 16], "texture": "#missing"},
				"west": {"uv": [0, 0, 2, 16], "texture": "#missing"},
				"up": {"uv": [0, 0, 2, 2], "texture": "#missing"},
				"down": {"uv": [0, 0, 2, 2], "texture": "#missing"}
			}
		},
		{
			"from": [6, 0, 7],
			"to": [8, 16, 9],
			"color": 6,
			"faces": {
				"north": {"uv": [0, 0, 2, 16], "texture": "#missing"},
				"east": {"uv": [0, 0, 2, 16], "texture": "#missing"},
				"south": {"uv": [0, 0, 2, 16], "texture": "#missing"},
				"west": {"uv": [0, 0, 2, 16], "texture": "#missing"},
				"up": {"uv": [0, 0, 2, 2], "texture": "#missing"},
				"down": {"uv": [0, 0, 2, 2], "texture": "#missing"}
			}
		},
		{
			"from": [11, 0, 12],
			"to": [13, 16, 14],
			"color": 6,
			"faces": {
				"north": {"uv": [0, 0, 2, 16], "texture": "#missing"},
				"east": {"uv": [0, 0, 2, 16], "texture": "#missing"},
				"south": {"uv": [0, 0, 2, 16], "texture": "#missing"},
				"west": {"uv": [0, 0, 2, 16], "texture": "#missing"},
				"up": {"uv": [0, 0, 2, 2], "texture": "#missing"},
				"down": {"uv": [0, 0, 2, 2], "texture": "#missing"}
			}
		},
		{
			"from": [12, 0, 6],
			"to": [14, 16, 8],
			"color": 6,
			"faces": {
				"north": {"uv": [0, 0, 2, 16], "texture": "#missing"},
				"east": {"uv": [0, 0, 2, 16], "texture": "#missing"},
				"south": {"uv": [0, 0, 2, 16], "texture": "#missing"},
				"west": {"uv": [0, 0, 2, 16], "texture": "#missing"},
				"up": {"uv": [0, 0, 2, 2], "texture": "#missing"},
				"down": {"uv": [0, 0, 2, 2], "texture": "#missing"}
			}
		},
		{
			"from": [7, 0, 2],
			"to": [9, 16, 4],
			"color": 6,
			"faces": {
				"north": {"uv": [0, 0, 2, 16], "texture": "#missing"},
				"east": {"uv": [0, 0, 2, 16], "texture": "#missing"},
				"south": {"uv": [0, 0, 2, 16], "texture": "#missing"},
				"west": {"uv": [0, 0, 2, 16], "texture": "#missing"},
				"up": {"uv": [0, 0, 2, 2], "texture": "#missing"},
				"down": {"uv": [0, 0, 2, 2], "texture": "#missing"}
			}
		},
		{
			"from": [1, 3, 2],
			"to": [5, 4, 6],
			"faces": {
				"north": {"uv": [12, 11, 16, 12], "texture": "#0"},
				"east": {"uv": [12, 15, 16, 16], "texture": "#0"},
				"south": {"uv": [12, 11, 16, 12], "texture": "#0"},
				"west": {"uv": [12, 14, 16, 15], "texture": "#0"},
				"up": {"uv": [12, 12, 16, 16], "texture": "#0"},
				"down": {"uv": [12, 10, 16, 14], "texture": "#0"}
			}
		},
		{
			"from": [1, 11, 2],
			"to": [5, 12, 6],
			"faces": {
				"north": {"uv": [12, 11, 16, 12], "texture": "#0"},
				"east": {"uv": [12, 15, 16, 16], "texture": "#0"},
				"south": {"uv": [12, 11, 16, 12], "texture": "#0"},
				"west": {"uv": [12, 14, 16, 15], "texture": "#0"},
				"up": {"uv": [12, 12, 16, 16], "texture": "#0"},
				"down": {"uv": [12, 10, 16, 14], "texture": "#0"}
			}
		}
	]
}