{
	"credit": "Made with Blockbench",
	"ambientocclusion": false,
	"textures": {
		"3": "block/repeater_on_3D",
		"particle": "block/repeater_on"
	},
	"elements": [
		{
			"from": [0, 0, 0],
			"to": [16, 2, 16],
			"faces": {
				"north": {"uv": [1, 8.5, 5, 9], "texture": "#3", "cullface": "north"},
				"east": {"uv": [1, 8.5, 5, 9], "texture": "#3", "cullface": "east"},
				"south": {"uv": [1, 8.5, 5, 9], "texture": "#3", "cullface": "south"},
				"west": {"uv": [1, 8.5, 5, 9], "texture": "#3", "cullface": "west"},
				"up": {"uv": [0, 12, 4, 16], "texture": "#3"},
				"down": {"uv": [0, 0, 4, 4], "texture": "#3", "cullface": "down"}
			}
		},
		{
			"from": [3, 2, 10],
			"to": [13, 4, 13],
			"faces": {
				"north": {"uv": [8, 15.5, 10.5, 16], "texture": "#3"},
				"east": {"uv": [7.25, 15.5, 8, 16], "texture": "#3"},
				"south": {"uv": [4.75, 15.5, 7.25, 16], "texture": "#3"},
				"west": {"uv": [4, 15.5, 4.75, 16], "texture": "#3"},
				"up": {"uv": [4.75, 10.75, 7.25, 11.5], "texture": "#3"},
				"down": {"uv": [4.75, 14, 7.25, 14.75], "texture": "#3"}
			}
		},
		{
			"from": [7, 1, 2],
			"to": [9, 5, 4],
			"faces": {
				"north": {"uv": [11.25, 15, 11.75, 16], "texture": "#3"},
				"east": {"uv": [11.75, 15, 12.25, 16], "texture": "#3"},
				"south": {"uv": [11.25, 15, 11.75, 16], "texture": "#3"},
				"west": {"uv": [11.75, 15, 12.25, 16], "texture": "#3"},
				"up": {"uv": [11.75, 15, 12.25, 15.5], "texture": "#3"},
				"down": {"uv": [0, 0, 2, 2], "texture": "#3"}
			}
		}
	],
	"groups": [0,
		{
			"name": "slider",
			"origin": [8, 8, 8],
			"children": [1]
		}, 2]
}